TargetID,StudentID,Target
1,1,Dropout
2,2,Graduate
3,3,Dropout
4,4,Graduate
5,5,Graduate
6,6,Graduate
7,7,Graduate
8,8,Dropout
9,9,Graduate
10,10,Dropout
11,11,Graduate
12,12,Graduate
13,13,Dropout
14,14,Graduate
15,15,Graduate
16,16,Dropout
17,17,Enrolled
18,18,Graduate
19,19,Graduate
20,20,Enrolled
21,21,Graduate
22,22,Enrolled
23,23,Graduate
24,24,Graduate
25,25,Graduate
26,26,Enrolled
27,27,Graduate
28,28,Enrolled
29,29,Graduate
30,30,Enrolled
31,31,Enrolled
32,32,Graduate
33,33,Enrolled
34,34,Graduate
35,35,Graduate
36,36,Dropout
37,37,Dropout
38,38,Dropout
39,39,Graduate
40,40,Dropout
41,41,Dropout
42,42,Graduate
43,43,Graduate
44,44,Dropout
45,45,Dropout
46,46,Enrolled
47,47,Graduate
48,48,Graduate
49,49,Graduate
50,50,Graduate
51,51,Graduate
52,52,Enrolled
53,53,Enrolled
54,54,Graduate
55,55,Dropout
56,56,Graduate
57,57,Dropout
58,58,Dropout
59,59,Graduate
60,60,Enrolled
61,61,Graduate
62,62,Graduate
63,63,Enrolled
64,64,Enrolled
65,65,Enrolled
66,66,Dropout
67,67,Graduate
68,68,Graduate
69,69,Dropout
70,70,Enrolled
71,71,Enrolled
72,72,Graduate
73,73,Dropout
74,74,Dropout
75,75,Graduate
76,76,Dropout
77,77,Dropout
78,78,Graduate
79,79,Graduate
80,80,Graduate
81,81,Dropout
82,82,Dropout
83,83,Dropout
84,84,Enrolled
85,85,Graduate
86,86,Graduate
87,87,Graduate
88,88,Graduate
89,89,Enrolled
90,90,Enrolled
91,91,Dropout
92,92,Graduate
93,93,Dropout
94,94,Dropout
95,95,Graduate
96,96,Enrolled
97,97,Graduate
98,98,Graduate
99,99,Enrolled
100,100,Dropout
101,101,Dropout
102,102,Graduate
103,103,Dropout
104,104,Graduate
105,105,Dropout
106,106,Graduate
107,107,Dropout
108,108,Dropout
109,109,Dropout
110,110,Enrolled
111,111,Graduate
112,112,Enrolled
113,113,Graduate
114,114,Graduate
115,115,Dropout
116,116,Enrolled
117,117,Enrolled
118,118,Enrolled
119,119,Graduate
120,120,Graduate
121,121,Dropout
122,122,Graduate
123,123,Dropout
124,124,Graduate
125,125,Graduate
126,126,Dropout
127,127,Graduate
128,128,Enrolled
129,129,Graduate
130,130,Graduate
131,131,Dropout
132,132,Graduate
133,133,Graduate
134,134,Dropout
135,135,Graduate
136,136,Dropout
137,137,Graduate
138,138,Graduate
139,139,Enrolled
140,140,Graduate
141,141,Graduate
142,142,Graduate
143,143,Enrolled
144,144,Graduate
145,145,Graduate
146,146,Graduate
147,147,Dropout
148,148,Dropout
149,149,Graduate
150,150,Graduate
151,151,Enrolled
152,152,Graduate
153,153,Enrolled
154,154,Graduate
155,155,Dropout
156,156,Dropout
157,157,Graduate
158,158,Graduate
159,159,Graduate
160,160,Graduate
161,161,Dropout
162,162,Graduate
163,163,Graduate
164,164,Dropout
165,165,Graduate
166,166,Graduate
167,167,Enrolled
168,168,Graduate
169,169,Graduate
170,170,Dropout
171,171,Enrolled
172,172,Graduate
173,173,Graduate
174,174,Graduate
175,175,Dropout
176,176,Enrolled
177,177,Graduate
178,178,Dropout
179,179,Dropout
180,180,Dropout
181,181,Graduate
182,182,Enrolled
183,183,Dropout
184,184,Dropout
185,185,Dropout
186,186,Dropout
187,187,Enrolled
188,188,Graduate
189,189,Dropout
190,190,Graduate
191,191,Graduate
192,192,Enrolled
193,193,Dropout
194,194,Dropout
195,195,Graduate
196,196,Dropout
197,197,Graduate
198,198,Dropout
199,199,Graduate
200,200,Enrolled
201,201,Graduate
202,202,Graduate
203,203,Graduate
204,204,Graduate
205,205,Graduate
206,206,Graduate
207,207,Graduate
208,208,Graduate
209,209,Graduate
210,210,Dropout
211,211,Graduate
212,212,Graduate
213,213,Graduate
214,214,Dropout
215,215,Graduate
216,216,Enrolled
217,217,Graduate
218,218,Dropout
219,219,Dropout
220,220,Dropout
221,221,Graduate
222,222,Graduate
223,223,Dropout
224,224,Graduate
225,225,Graduate
226,226,Graduate
227,227,Graduate
228,228,Graduate
229,229,Dropout
230,230,Graduate
231,231,Graduate
232,232,Dropout
233,233,Graduate
234,234,Graduate
235,235,Dropout
236,236,Graduate
237,237,Graduate
238,238,Graduate
239,239,Dropout
240,240,Dropout
241,241,Enrolled
242,242,Enrolled
243,243,Graduate
244,244,Dropout
245,245,Graduate
246,246,Graduate
247,247,Graduate
248,248,Dropout
249,249,Graduate
250,250,Graduate
251,251,Enrolled
252,252,Dropout
253,253,Graduate
254,254,Enrolled
255,255,Graduate
256,256,Dropout
257,257,Graduate
258,258,Enrolled
259,259,Graduate
260,260,Dropout
261,261,Graduate
262,262,Dropout
263,263,Dropout
264,264,Graduate
265,265,Graduate
266,266,Graduate
267,267,Graduate
268,268,Graduate
269,269,Graduate
270,270,Graduate
271,271,Graduate
272,272,Dropout
273,273,Graduate
274,274,Graduate
275,275,Graduate
276,276,Graduate
277,277,Dropout
278,278,Dropout
279,279,Enrolled
280,280,Graduate
281,281,Graduate
282,282,Graduate
283,283,Graduate
284,284,Graduate
285,285,Graduate
286,286,Graduate
287,287,Enrolled
288,288,Graduate
289,289,Graduate
290,290,Graduate
291,291,Graduate
292,292,Graduate
293,293,Enrolled
294,294,Graduate
295,295,Dropout
296,296,Graduate
297,297,Graduate
298,298,Graduate
299,299,Graduate
300,300,Graduate
301,301,Graduate
302,302,Graduate
303,303,Graduate
304,304,Dropout
305,305,Dropout
306,306,Enrolled
307,307,Graduate
308,308,Dropout
309,309,Graduate
310,310,Dropout
311,311,Graduate
312,312,Dropout
313,313,Graduate
314,314,Graduate
315,315,Dropout
316,316,Graduate
317,317,Graduate
318,318,Graduate
319,319,Graduate
320,320,Enrolled
321,321,Dropout
322,322,Graduate
323,323,Graduate
324,324,Graduate
325,325,Enrolled
326,326,Graduate
327,327,Graduate
328,328,Graduate
329,329,Enrolled
330,330,Enrolled
331,331,Enrolled
332,332,Dropout
333,333,Graduate
334,334,Graduate
335,335,Graduate
336,336,Graduate
337,337,Graduate
338,338,Graduate
339,339,Graduate
340,340,Graduate
341,341,Enrolled
342,342,Dropout
343,343,Graduate
344,344,Graduate
345,345,Enrolled
346,346,Graduate
347,347,Enrolled
348,348,Graduate
349,349,Graduate
350,350,Enrolled
351,351,Dropout
352,352,Graduate
353,353,Dropout
354,354,Graduate
355,355,Dropout
356,356,Graduate
357,357,Graduate
358,358,Dropout
359,359,Enrolled
360,360,Dropout
361,361,Graduate
362,362,Dropout
363,363,Enrolled
364,364,Graduate
365,365,Enrolled
366,366,Graduate
367,367,Graduate
368,368,Enrolled
369,369,Graduate
370,370,Dropout
371,371,Graduate
372,372,Enrolled
373,373,Graduate
374,374,Graduate
375,375,Dropout
376,376,Enrolled
377,377,Dropout
378,378,Graduate
379,379,Enrolled
380,380,Enrolled
381,381,Dropout
382,382,Enrolled
383,383,Enrolled
384,384,Graduate
385,385,Graduate
386,386,Graduate
387,387,Graduate
388,388,Graduate
389,389,Enrolled
390,390,Graduate
391,391,Enrolled
392,392,Enrolled
393,393,Dropout
394,394,Dropout
395,395,Graduate
396,396,Graduate
397,397,Graduate
398,398,Graduate
399,399,Dropout
400,400,Dropout
401,401,Enrolled
402,402,Enrolled
403,403,Enrolled
404,404,Enrolled
405,405,Graduate
406,406,Graduate
407,407,Graduate
408,408,Graduate
409,409,Graduate
410,410,Dropout
411,411,Graduate
412,412,Graduate
413,413,Graduate
414,414,Graduate
415,415,Graduate
416,416,Graduate
417,417,Graduate
418,418,Dropout
419,419,Graduate
420,420,Dropout
421,421,Graduate
422,422,Graduate
423,423,Dropout
424,424,Graduate
425,425,Graduate
426,426,Graduate
427,427,Graduate
428,428,Enrolled
429,429,Dropout
430,430,Graduate
431,431,Graduate
432,432,Graduate
433,433,Graduate
434,434,Dropout
435,435,Graduate
436,436,Graduate
437,437,Enrolled
438,438,Graduate
439,439,Dropout
440,440,Graduate
441,441,Enrolled
442,442,Enrolled
443,443,Graduate
444,444,Graduate
445,445,Graduate
446,446,Graduate
447,447,Graduate
448,448,Dropout
449,449,Graduate
450,450,Enrolled
451,451,Graduate
452,452,Graduate
453,453,Graduate
454,454,Graduate
455,455,Enrolled
456,456,Graduate
457,457,Dropout
458,458,Dropout
459,459,Graduate
460,460,Graduate
461,461,Graduate
462,462,Graduate
463,463,Graduate
464,464,Graduate
465,465,Enrolled
466,466,Dropout
467,467,Enrolled
468,468,Graduate
469,469,Graduate
470,470,Graduate
471,471,Graduate
472,472,Graduate
473,473,Dropout
474,474,Graduate
475,475,Dropout
476,476,Graduate
477,477,Dropout
478,478,Dropout
479,479,Graduate
480,480,Enrolled
481,481,Graduate
482,482,Graduate
483,483,Dropout
484,484,Enrolled
485,485,Graduate
486,486,Graduate
487,487,Dropout
488,488,Dropout
489,489,Graduate
490,490,Graduate
491,491,Graduate
492,492,Graduate
493,493,Graduate
494,494,Enrolled
495,495,Enrolled
496,496,Dropout
497,497,Dropout
498,498,Graduate
499,499,Graduate
500,500,Graduate
501,501,Enrolled
502,502,Graduate
503,503,Enrolled
504,504,Dropout
505,505,Graduate
506,506,Enrolled
507,507,Enrolled
508,508,Graduate
509,509,Dropout
510,510,Dropout
511,511,Enrolled
512,512,Dropout
513,513,Graduate
514,514,Dropout
515,515,Dropout
516,516,Dropout
517,517,Graduate
518,518,Dropout
519,519,Dropout
520,520,Dropout
521,521,Graduate
522,522,Graduate
523,523,Graduate
524,524,Graduate
525,525,Dropout
526,526,Dropout
527,527,Enrolled
528,528,Graduate
529,529,Dropout
530,530,Dropout
531,531,Enrolled
532,532,Dropout
533,533,Graduate
534,534,Dropout
535,535,Graduate
536,536,Graduate
537,537,Dropout
538,538,Graduate
539,539,Graduate
540,540,Dropout
541,541,Graduate
542,542,Enrolled
543,543,Graduate
544,544,Graduate
545,545,Enrolled
546,546,Enrolled
547,547,Enrolled
548,548,Enrolled
549,549,Enrolled
550,550,Graduate
551,551,Dropout
552,552,Dropout
553,553,Dropout
554,554,Dropout
555,555,Dropout
556,556,Dropout
557,557,Enrolled
558,558,Graduate
559,559,Enrolled
560,560,Graduate
561,561,Graduate
562,562,Enrolled
563,563,Dropout
564,564,Graduate
565,565,Graduate
566,566,Graduate
567,567,Dropout
568,568,Dropout
569,569,Graduate
570,570,Graduate
571,571,Graduate
572,572,Dropout
573,573,Dropout
574,574,Enrolled
575,575,Graduate
576,576,Dropout
577,577,Graduate
578,578,Enrolled
579,579,Graduate
580,580,Graduate
581,581,Dropout
582,582,Graduate
583,583,Enrolled
584,584,Graduate
585,585,Graduate
586,586,Graduate
587,587,Graduate
588,588,Graduate
589,589,Graduate
590,590,Graduate
591,591,Graduate
592,592,Enrolled
593,593,Graduate
594,594,Enrolled
595,595,Enrolled
596,596,Dropout
597,597,Dropout
598,598,Dropout
599,599,Graduate
600,600,Graduate
601,601,Dropout
602,602,Dropout
603,603,Graduate
604,604,Graduate
605,605,Graduate
606,606,Dropout
607,607,Dropout
608,608,Graduate
609,609,Dropout
610,610,Enrolled
611,611,Graduate
612,612,Graduate
613,613,Graduate
614,614,Enrolled
615,615,Graduate
616,616,Graduate
617,617,Graduate
618,618,Graduate
619,619,Graduate
620,620,Enrolled
621,621,Graduate
622,622,Dropout
623,623,Dropout
624,624,Graduate
625,625,Dropout
626,626,Dropout
627,627,Graduate
628,628,Graduate
629,629,Graduate
630,630,Graduate
631,631,Graduate
632,632,Enrolled
633,633,Graduate
634,634,Graduate
635,635,Graduate
636,636,Graduate
637,637,Graduate
638,638,Enrolled
639,639,Graduate
640,640,Dropout
641,641,Dropout
642,642,Enrolled
643,643,Enrolled
644,644,Enrolled
645,645,Dropout
646,646,Enrolled
647,647,Enrolled
648,648,Graduate
649,649,Graduate
650,650,Graduate
651,651,Graduate
652,652,Enrolled
653,653,Graduate
654,654,Graduate
655,655,Graduate
656,656,Enrolled
657,657,Enrolled
658,658,Graduate
659,659,Graduate
660,660,Dropout
661,661,Graduate
662,662,Enrolled
663,663,Graduate
664,664,Graduate
665,665,Graduate
666,666,Graduate
667,667,Dropout
668,668,Graduate
669,669,Dropout
670,670,Graduate
671,671,Graduate
672,672,Dropout
673,673,Graduate
674,674,Graduate
675,675,Graduate
676,676,Dropout
677,677,Graduate
678,678,Enrolled
679,679,Dropout
680,680,Graduate
681,681,Graduate
682,682,Graduate
683,683,Dropout
684,684,Dropout
685,685,Graduate
686,686,Graduate
687,687,Dropout
688,688,Graduate
689,689,Graduate
690,690,Dropout
691,691,Dropout
692,692,Graduate
693,693,Enrolled
694,694,Dropout
695,695,Graduate
696,696,Dropout
697,697,Graduate
698,698,Enrolled
699,699,Graduate
700,700,Dropout
701,701,Enrolled
702,702,Dropout
703,703,Dropout
704,704,Dropout
705,705,Graduate
706,706,Dropout
707,707,Graduate
708,708,Graduate
709,709,Graduate
710,710,Dropout
711,711,Dropout
712,712,Dropout
713,713,Graduate
714,714,Graduate
715,715,Graduate
716,716,Graduate
717,717,Dropout
718,718,Dropout
719,719,Enrolled
720,720,Enrolled
721,721,Dropout
722,722,Enrolled
723,723,Graduate
724,724,Dropout
725,725,Dropout
726,726,Graduate
727,727,Graduate
728,728,Dropout
729,729,Graduate
730,730,Enrolled
731,731,Dropout
732,732,Graduate
733,733,Graduate
734,734,Graduate
735,735,Dropout
736,736,Graduate
737,737,Enrolled
738,738,Dropout
739,739,Enrolled
740,740,Dropout
741,741,Dropout
742,742,Graduate
743,743,Dropout
744,744,Dropout
745,745,Graduate
746,746,Dropout
747,747,Dropout
748,748,Graduate
749,749,Dropout
750,750,Graduate
751,751,Graduate
752,752,Graduate
753,753,Graduate
754,754,Dropout
755,755,Graduate
756,756,Dropout
757,757,Dropout
758,758,Dropout
759,759,Graduate
760,760,Graduate
761,761,Graduate
762,762,Enrolled
763,763,Graduate
764,764,Enrolled
765,765,Graduate
766,766,Enrolled
767,767,Enrolled
768,768,Graduate
769,769,Graduate
770,770,Graduate
771,771,Graduate
772,772,Dropout
773,773,Enrolled
774,774,Graduate
775,775,Enrolled
776,776,Dropout
777,777,Graduate
778,778,Dropout
779,779,Enrolled
780,780,Graduate
781,781,Graduate
782,782,Dropout
783,783,Graduate
784,784,Enrolled
785,785,Graduate
786,786,Graduate
787,787,Graduate
788,788,Graduate
789,789,Dropout
790,790,Graduate
791,791,Graduate
792,792,Dropout
793,793,Graduate
794,794,Graduate
795,795,Graduate
796,796,Graduate
797,797,Graduate
798,798,Graduate
799,799,Graduate
800,800,Enrolled
801,801,Enrolled
802,802,Dropout
803,803,Graduate
804,804,Graduate
805,805,Graduate
806,806,Enrolled
807,807,Graduate
808,808,Enrolled
809,809,Dropout
810,810,Enrolled
811,811,Dropout
812,812,Graduate
813,813,Graduate
814,814,Graduate
815,815,Graduate
816,816,Enrolled
817,817,Enrolled
818,818,Graduate
819,819,Enrolled
820,820,Graduate
821,821,Graduate
822,822,Graduate
823,823,Enrolled
824,824,Graduate
825,825,Graduate
826,826,Graduate
827,827,Dropout
828,828,Graduate
829,829,Graduate
830,830,Dropout
831,831,Dropout
832,832,Dropout
833,833,Enrolled
834,834,Dropout
835,835,Dropout
836,836,Enrolled
837,837,Dropout
838,838,Enrolled
839,839,Dropout
840,840,Graduate
841,841,Dropout
842,842,Enrolled
843,843,Dropout
844,844,Graduate
845,845,Graduate
846,846,Dropout
847,847,Graduate
848,848,Graduate
849,849,Enrolled
850,850,Graduate
851,851,Graduate
852,852,Enrolled
853,853,Graduate
854,854,Graduate
855,855,Enrolled
856,856,Dropout
857,857,Dropout
858,858,Dropout
859,859,Dropout
860,860,Dropout
861,861,Dropout
862,862,Dropout
863,863,Dropout
864,864,Dropout
865,865,Dropout
866,866,Graduate
867,867,Dropout
868,868,Dropout
869,869,Graduate
870,870,Graduate
871,871,Graduate
872,872,Dropout
873,873,Graduate
874,874,Enrolled
875,875,Graduate
876,876,Graduate
877,877,Dropout
878,878,Dropout
879,879,Graduate
880,880,Dropout
881,881,Graduate
882,882,Graduate
883,883,Dropout
884,884,Dropout
885,885,Graduate
886,886,Graduate
887,887,Graduate
888,888,Graduate
889,889,Graduate
890,890,Graduate
891,891,Graduate
892,892,Dropout
893,893,Graduate
894,894,Dropout
895,895,Graduate
896,896,Dropout
897,897,Graduate
898,898,Graduate
899,899,Enrolled
900,900,Graduate
901,901,Dropout
902,902,Graduate
903,903,Graduate
904,904,Graduate
905,905,Dropout
906,906,Graduate
907,907,Dropout
908,908,Graduate
909,909,Enrolled
910,910,Dropout
911,911,Graduate
912,912,Graduate
913,913,Dropout
914,914,Graduate
915,915,Dropout
916,916,Graduate
917,917,Dropout
918,918,Dropout
919,919,Graduate
920,920,Graduate
921,921,Graduate
922,922,Graduate
923,923,Dropout
924,924,Dropout
925,925,Enrolled
926,926,Graduate
927,927,Dropout
928,928,Enrolled
929,929,Enrolled
930,930,Dropout
931,931,Enrolled
932,932,Graduate
933,933,Graduate
934,934,Dropout
935,935,Enrolled
936,936,Graduate
937,937,Dropout
938,938,Enrolled
939,939,Enrolled
940,940,Dropout
941,941,Graduate
942,942,Graduate
943,943,Enrolled
944,944,Dropout
945,945,Graduate
946,946,Graduate
947,947,Graduate
948,948,Dropout
949,949,Graduate
950,950,Dropout
951,951,Graduate
952,952,Dropout
953,953,Graduate
954,954,Dropout
955,955,Dropout
956,956,Dropout
957,957,Graduate
958,958,Graduate
959,959,Graduate
960,960,Dropout
961,961,Dropout
962,962,Graduate
963,963,Graduate
964,964,Enrolled
965,965,Graduate
966,966,Graduate
967,967,Dropout
968,968,Dropout
969,969,Dropout
970,970,Enrolled
971,971,Graduate
972,972,Dropout
973,973,Dropout
974,974,Graduate
975,975,Graduate
976,976,Enrolled
977,977,Graduate
978,978,Graduate
979,979,Dropout
980,980,Graduate
981,981,Dropout
982,982,Enrolled
983,983,Graduate
984,984,Enrolled
985,985,Dropout
986,986,Graduate
987,987,Graduate
988,988,Dropout
989,989,Dropout
990,990,Dropout
991,991,Graduate
992,992,Graduate
993,993,Dropout
994,994,Graduate
995,995,Graduate
996,996,Graduate
997,997,Enrolled
998,998,Enrolled
999,999,Graduate
1000,1000,Dropout
1001,1001,Dropout
1002,1002,Dropout
1003,1003,Graduate
1004,1004,Graduate
1005,1005,Dropout
1006,1006,Graduate
1007,1007,Graduate
1008,1008,Graduate
1009,1009,Graduate
1010,1010,Graduate
1011,1011,Graduate
1012,1012,Graduate
1013,1013,Graduate
1014,1014,Dropout
1015,1015,Graduate
1016,1016,Graduate
1017,1017,Dropout
1018,1018,Graduate
1019,1019,Dropout
1020,1020,Graduate
1021,1021,Graduate
1022,1022,Graduate
1023,1023,Graduate
1024,1024,Graduate
1025,1025,Graduate
1026,1026,Dropout
1027,1027,Graduate
1028,1028,Graduate
1029,1029,Graduate
1030,1030,Graduate
1031,1031,Graduate
1032,1032,Enrolled
1033,1033,Graduate
1034,1034,Graduate
1035,1035,Dropout
1036,1036,Enrolled
1037,1037,Dropout
1038,1038,Graduate
1039,1039,Graduate
1040,1040,Enrolled
1041,1041,Graduate
1042,1042,Graduate
1043,1043,Graduate
1044,1044,Graduate
1045,1045,Graduate
1046,1046,Dropout
1047,1047,Dropout
1048,1048,Graduate
1049,1049,Graduate
1050,1050,Graduate
1051,1051,Graduate
1052,1052,Graduate
1053,1053,Dropout
1054,1054,Graduate
1055,1055,Graduate
1056,1056,Graduate
1057,1057,Dropout
1058,1058,Graduate
1059,1059,Dropout
1060,1060,Graduate
1061,1061,Dropout
1062,1062,Dropout
1063,1063,Graduate
1064,1064,Graduate
1065,1065,Enrolled
1066,1066,Dropout
1067,1067,Graduate
1068,1068,Graduate
1069,1069,Graduate
1070,1070,Graduate
1071,1071,Graduate
1072,1072,Graduate
1073,1073,Enrolled
1074,1074,Graduate
1075,1075,Graduate
1076,1076,Graduate
1077,1077,Dropout
1078,1078,Dropout
1079,1079,Dropout
1080,1080,Graduate
1081,1081,Graduate
1082,1082,Graduate
1083,1083,Enrolled
1084,1084,Graduate
1085,1085,Graduate
1086,1086,Dropout
1087,1087,Graduate
1088,1088,Graduate
1089,1089,Enrolled
1090,1090,Enrolled
1091,1091,Graduate
1092,1092,Dropout
1093,1093,Graduate
1094,1094,Dropout
1095,1095,Graduate
1096,1096,Dropout
1097,1097,Dropout
1098,1098,Graduate
1099,1099,Graduate
1100,1100,Graduate
1101,1101,Dropout
1102,1102,Dropout
1103,1103,Enrolled
1104,1104,Enrolled
1105,1105,Graduate
1106,1106,Dropout
1107,1107,Dropout
1108,1108,Graduate
1109,1109,Dropout
1110,1110,Graduate
1111,1111,Graduate
1112,1112,Graduate
1113,1113,Enrolled
1114,1114,Enrolled
1115,1115,Graduate
1116,1116,Graduate
1117,1117,Dropout
1118,1118,Graduate
1119,1119,Enrolled
1120,1120,Graduate
1121,1121,Enrolled
1122,1122,Graduate
1123,1123,Graduate
1124,1124,Graduate
1125,1125,Graduate
1126,1126,Graduate
1127,1127,Graduate
1128,1128,Graduate
1129,1129,Graduate
1130,1130,Graduate
1131,1131,Graduate
1132,1132,Graduate
1133,1133,Enrolled
1134,1134,Graduate
1135,1135,Dropout
1136,1136,Dropout
1137,1137,Graduate
1138,1138,Dropout
1139,1139,Graduate
1140,1140,Graduate
1141,1141,Graduate
1142,1142,Enrolled
1143,1143,Dropout
1144,1144,Graduate
1145,1145,Enrolled
1146,1146,Graduate
1147,1147,Enrolled
1148,1148,Graduate
1149,1149,Enrolled
1150,1150,Graduate
1151,1151,Graduate
1152,1152,Dropout
1153,1153,Enrolled
1154,1154,Enrolled
1155,1155,Graduate
1156,1156,Enrolled
1157,1157,Dropout
1158,1158,Graduate
1159,1159,Graduate
1160,1160,Graduate
1161,1161,Graduate
1162,1162,Enrolled
1163,1163,Graduate
1164,1164,Graduate
1165,1165,Dropout
1166,1166,Graduate
1167,1167,Dropout
1168,1168,Graduate
1169,1169,Dropout
1170,1170,Graduate
1171,1171,Graduate
1172,1172,Graduate
1173,1173,Dropout
1174,1174,Enrolled
1175,1175,Graduate
1176,1176,Dropout
1177,1177,Graduate
1178,1178,Graduate
1179,1179,Dropout
1180,1180,Graduate
1181,1181,Dropout
1182,1182,Graduate
1183,1183,Graduate
1184,1184,Dropout
1185,1185,Enrolled
1186,1186,Graduate
1187,1187,Enrolled
1188,1188,Dropout
1189,1189,Graduate
1190,1190,Graduate
1191,1191,Dropout
1192,1192,Graduate
1193,1193,Graduate
1194,1194,Graduate
1195,1195,Graduate
1196,1196,Enrolled
1197,1197,Dropout
1198,1198,Dropout
1199,1199,Graduate
1200,1200,Graduate
1201,1201,Graduate
1202,1202,Graduate
1203,1203,Dropout
1204,1204,Graduate
1205,1205,Dropout
1206,1206,Graduate
1207,1207,Graduate
1208,1208,Enrolled
1209,1209,Dropout
1210,1210,Dropout
1211,1211,Dropout
1212,1212,Enrolled
1213,1213,Graduate
1214,1214,Graduate
1215,1215,Enrolled
1216,1216,Graduate
1217,1217,Graduate
1218,1218,Graduate
1219,1219,Graduate
1220,1220,Graduate
1221,1221,Dropout
1222,1222,Graduate
1223,1223,Dropout
1224,1224,Graduate
1225,1225,Graduate
1226,1226,Graduate
1227,1227,Graduate
1228,1228,Graduate
1229,1229,Graduate
1230,1230,Enrolled
1231,1231,Graduate
1232,1232,Graduate
1233,1233,Graduate
1234,1234,Graduate
1235,1235,Graduate
1236,1236,Dropout
1237,1237,Graduate
1238,1238,Dropout
1239,1239,Graduate
1240,1240,Dropout
1241,1241,Dropout
1242,1242,Dropout
1243,1243,Enrolled
1244,1244,Graduate
1245,1245,Dropout
1246,1246,Dropout
1247,1247,Graduate
1248,1248,Dropout
1249,1249,Enrolled
1250,1250,Dropout
1251,1251,Graduate
1252,1252,Graduate
1253,1253,Graduate
1254,1254,Graduate
1255,1255,Enrolled
1256,1256,Dropout
1257,1257,Graduate
1258,1258,Graduate
1259,1259,Graduate
1260,1260,Graduate
1261,1261,Graduate
1262,1262,Dropout
1263,1263,Dropout
1264,1264,Graduate
1265,1265,Graduate
1266,1266,Graduate
1267,1267,Graduate
1268,1268,Graduate
1269,1269,Enrolled
1270,1270,Dropout
1271,1271,Enrolled
1272,1272,Graduate
1273,1273,Dropout
1274,1274,Dropout
1275,1275,Graduate
1276,1276,Graduate
1277,1277,Graduate
1278,1278,Dropout
1279,1279,Enrolled
1280,1280,Graduate
1281,1281,Graduate
1282,1282,Graduate
1283,1283,Dropout
1284,1284,Graduate
1285,1285,Graduate
1286,1286,Dropout
1287,1287,Enrolled
1288,1288,Graduate
1289,1289,Graduate
1290,1290,Graduate
1291,1291,Enrolled
1292,1292,Graduate
1293,1293,Dropout
1294,1294,Graduate
1295,1295,Dropout
1296,1296,Dropout
1297,1297,Dropout
1298,1298,Dropout
1299,1299,Graduate
1300,1300,Enrolled
1301,1301,Dropout
1302,1302,Dropout
1303,1303,Graduate
1304,1304,Graduate
1305,1305,Graduate
1306,1306,Graduate
1307,1307,Graduate
1308,1308,Graduate
1309,1309,Graduate
1310,1310,Graduate
1311,1311,Graduate
1312,1312,Graduate
1313,1313,Graduate
1314,1314,Dropout
1315,1315,Enrolled
1316,1316,Graduate
1317,1317,Enrolled
1318,1318,Dropout
1319,1319,Dropout
1320,1320,Graduate
1321,1321,Graduate
1322,1322,Enrolled
1323,1323,Graduate
1324,1324,Graduate
1325,1325,Enrolled
1326,1326,Graduate
1327,1327,Enrolled
1328,1328,Dropout
1329,1329,Graduate
1330,1330,Enrolled
1331,1331,Graduate
1332,1332,Graduate
1333,1333,Dropout
1334,1334,Enrolled
1335,1335,Graduate
1336,1336,Enrolled
1337,1337,Enrolled
1338,1338,Enrolled
1339,1339,Dropout
1340,1340,Graduate
1341,1341,Graduate
1342,1342,Graduate
1343,1343,Graduate
1344,1344,Graduate
1345,1345,Dropout
1346,1346,Graduate
1347,1347,Graduate
1348,1348,Enrolled
1349,1349,Enrolled
1350,1350,Graduate
1351,1351,Graduate
1352,1352,Graduate
1353,1353,Graduate
1354,1354,Dropout
1355,1355,Enrolled
1356,1356,Enrolled
1357,1357,Dropout
1358,1358,Dropout
1359,1359,Dropout
1360,1360,Dropout
1361,1361,Dropout
1362,1362,Graduate
1363,1363,Dropout
1364,1364,Graduate
1365,1365,Graduate
1366,1366,Dropout
1367,1367,Dropout
1368,1368,Graduate
1369,1369,Dropout
1370,1370,Graduate
1371,1371,Graduate
1372,1372,Graduate
1373,1373,Graduate
1374,1374,Graduate
1375,1375,Dropout
1376,1376,Dropout
1377,1377,Enrolled
1378,1378,Graduate
1379,1379,Dropout
1380,1380,Dropout
1381,1381,Graduate
1382,1382,Dropout
1383,1383,Graduate
1384,1384,Graduate
1385,1385,Graduate
1386,1386,Dropout
1387,1387,Dropout
1388,1388,Graduate
1389,1389,Dropout
1390,1390,Enrolled
1391,1391,Graduate
1392,1392,Graduate
1393,1393,Dropout
1394,1394,Graduate
1395,1395,Graduate
1396,1396,Graduate
1397,1397,Enrolled
1398,1398,Graduate
1399,1399,Graduate
1400,1400,Graduate
1401,1401,Enrolled
1402,1402,Graduate
1403,1403,Graduate
1404,1404,Graduate
1405,1405,Dropout
1406,1406,Dropout
1407,1407,Graduate
1408,1408,Enrolled
1409,1409,Dropout
1410,1410,Graduate
1411,1411,Dropout
1412,1412,Graduate
1413,1413,Graduate
1414,1414,Enrolled
1415,1415,Graduate
1416,1416,Graduate
1417,1417,Dropout
1418,1418,Graduate
1419,1419,Graduate
1420,1420,Dropout
1421,1421,Dropout
1422,1422,Enrolled
1423,1423,Graduate
1424,1424,Graduate
1425,1425,Enrolled
1426,1426,Graduate
1427,1427,Graduate
1428,1428,Enrolled
1429,1429,Enrolled
1430,1430,Graduate
1431,1431,Graduate
1432,1432,Dropout
1433,1433,Enrolled
1434,1434,Graduate
1435,1435,Enrolled
1436,1436,Dropout
1437,1437,Enrolled
1438,1438,Graduate
1439,1439,Graduate
1440,1440,Graduate
1441,1441,Graduate
1442,1442,Graduate
1443,1443,Graduate
1444,1444,Dropout
1445,1445,Graduate
1446,1446,Dropout
1447,1447,Dropout
1448,1448,Dropout
1449,1449,Dropout
1450,1450,Graduate
1451,1451,Dropout
1452,1452,Graduate
1453,1453,Dropout
1454,1454,Graduate
1455,1455,Enrolled
1456,1456,Dropout
1457,1457,Enrolled
1458,1458,Enrolled
1459,1459,Enrolled
1460,1460,Dropout
1461,1461,Dropout
1462,1462,Graduate
1463,1463,Enrolled
1464,1464,Dropout
1465,1465,Enrolled
1466,1466,Graduate
1467,1467,Dropout
1468,1468,Enrolled
1469,1469,Graduate
1470,1470,Graduate
1471,1471,Enrolled
1472,1472,Enrolled
1473,1473,Graduate
1474,1474,Dropout
1475,1475,Enrolled
1476,1476,Graduate
1477,1477,Dropout
1478,1478,Graduate
1479,1479,Dropout
1480,1480,Dropout
1481,1481,Dropout
1482,1482,Graduate
1483,1483,Graduate
1484,1484,Graduate
1485,1485,Graduate
1486,1486,Graduate
1487,1487,Graduate
1488,1488,Enrolled
1489,1489,Dropout
1490,1490,Graduate
1491,1491,Graduate
1492,1492,Graduate
1493,1493,Dropout
1494,1494,Graduate
1495,1495,Dropout
1496,1496,Graduate
1497,1497,Graduate
1498,1498,Graduate
1499,1499,Enrolled
1500,1500,Graduate
1501,1501,Graduate
1502,1502,Dropout
1503,1503,Graduate
1504,1504,Enrolled
1505,1505,Enrolled
1506,1506,Dropout
1507,1507,Enrolled
1508,1508,Graduate
1509,1509,Graduate
1510,1510,Dropout
1511,1511,Dropout
1512,1512,Enrolled
1513,1513,Graduate
1514,1514,Graduate
1515,1515,Dropout
1516,1516,Graduate
1517,1517,Dropout
1518,1518,Graduate
1519,1519,Enrolled
1520,1520,Dropout
1521,1521,Dropout
1522,1522,Graduate
1523,1523,Dropout
1524,1524,Dropout
1525,1525,Enrolled
1526,1526,Graduate
1527,1527,Dropout
1528,1528,Graduate
1529,1529,Graduate
1530,1530,Dropout
1531,1531,Enrolled
1532,1532,Graduate
1533,1533,Graduate
1534,1534,Enrolled
1535,1535,Graduate
1536,1536,Enrolled
1537,1537,Dropout
1538,1538,Graduate
1539,1539,Dropout
1540,1540,Dropout
1541,1541,Dropout
1542,1542,Dropout
1543,1543,Dropout
1544,1544,Dropout
1545,1545,Dropout
1546,1546,Graduate
1547,1547,Enrolled
1548,1548,Dropout
1549,1549,Dropout
1550,1550,Dropout
1551,1551,Graduate
1552,1552,Graduate
1553,1553,Graduate
1554,1554,Graduate
1555,1555,Graduate
1556,1556,Graduate
1557,1557,Dropout
1558,1558,Enrolled
1559,1559,Dropout
1560,1560,Graduate
1561,1561,Enrolled
1562,1562,Enrolled
1563,1563,Graduate
1564,1564,Enrolled
1565,1565,Enrolled
1566,1566,Graduate
1567,1567,Graduate
1568,1568,Graduate
1569,1569,Enrolled
1570,1570,Dropout
1571,1571,Enrolled
1572,1572,Dropout
1573,1573,Dropout
1574,1574,Dropout
1575,1575,Graduate
1576,1576,Graduate
1577,1577,Dropout
1578,1578,Enrolled
1579,1579,Dropout
1580,1580,Enrolled
1581,1581,Graduate
1582,1582,Enrolled
1583,1583,Dropout
1584,1584,Dropout
1585,1585,Graduate
1586,1586,Graduate
1587,1587,Enrolled
1588,1588,Enrolled
1589,1589,Dropout
1590,1590,Graduate
1591,1591,Dropout
1592,1592,Dropout
1593,1593,Enrolled
1594,1594,Dropout
1595,1595,Enrolled
1596,1596,Enrolled
1597,1597,Enrolled
1598,1598,Graduate
1599,1599,Dropout
1600,1600,Dropout
1601,1601,Graduate
1602,1602,Enrolled
1603,1603,Enrolled
1604,1604,Graduate
1605,1605,Dropout
1606,1606,Enrolled
1607,1607,Graduate
1608,1608,Graduate
1609,1609,Enrolled
1610,1610,Graduate
1611,1611,Dropout
1612,1612,Enrolled
1613,1613,Graduate
1614,1614,Dropout
1615,1615,Graduate
1616,1616,Dropout
1617,1617,Graduate
1618,1618,Dropout
1619,1619,Dropout
1620,1620,Graduate
1621,1621,Graduate
1622,1622,Graduate
1623,1623,Dropout
1624,1624,Dropout
1625,1625,Dropout
1626,1626,Dropout
1627,1627,Graduate
1628,1628,Dropout
1629,1629,Dropout
1630,1630,Dropout
1631,1631,Graduate
1632,1632,Dropout
1633,1633,Graduate
1634,1634,Enrolled
1635,1635,Graduate
1636,1636,Graduate
1637,1637,Graduate
1638,1638,Graduate
1639,1639,Dropout
1640,1640,Graduate
1641,1641,Graduate
1642,1642,Graduate
1643,1643,Graduate
1644,1644,Graduate
1645,1645,Dropout
1646,1646,Dropout
1647,1647,Graduate
1648,1648,Graduate
1649,1649,Dropout
1650,1650,Graduate
1651,1651,Enrolled
1652,1652,Graduate
1653,1653,Enrolled
1654,1654,Graduate
1655,1655,Dropout
1656,1656,Graduate
1657,1657,Graduate
1658,1658,Enrolled
1659,1659,Graduate
1660,1660,Enrolled
1661,1661,Graduate
1662,1662,Graduate
1663,1663,Graduate
1664,1664,Graduate
1665,1665,Graduate
1666,1666,Enrolled
1667,1667,Graduate
1668,1668,Graduate
1669,1669,Dropout
1670,1670,Graduate
1671,1671,Enrolled
1672,1672,Graduate
1673,1673,Dropout
1674,1674,Graduate
1675,1675,Graduate
1676,1676,Dropout
1677,1677,Dropout
1678,1678,Graduate
1679,1679,Graduate
1680,1680,Dropout
1681,1681,Enrolled
1682,1682,Enrolled
1683,1683,Dropout
1684,1684,Dropout
1685,1685,Graduate
1686,1686,Graduate
1687,1687,Graduate
1688,1688,Dropout
1689,1689,Enrolled
1690,1690,Dropout
1691,1691,Dropout
1692,1692,Dropout
1693,1693,Graduate
1694,1694,Enrolled
1695,1695,Dropout
1696,1696,Graduate
1697,1697,Graduate
1698,1698,Dropout
1699,1699,Dropout
1700,1700,Dropout
1701,1701,Graduate
1702,1702,Graduate
1703,1703,Dropout
1704,1704,Graduate
1705,1705,Graduate
1706,1706,Enrolled
1707,1707,Dropout
1708,1708,Enrolled
1709,1709,Dropout
1710,1710,Graduate
1711,1711,Enrolled
1712,1712,Graduate
1713,1713,Dropout
1714,1714,Enrolled
1715,1715,Graduate
1716,1716,Graduate
1717,1717,Graduate
1718,1718,Enrolled
1719,1719,Dropout
1720,1720,Dropout
1721,1721,Graduate
1722,1722,Graduate
1723,1723,Graduate
1724,1724,Graduate
1725,1725,Graduate
1726,1726,Dropout
1727,1727,Graduate
1728,1728,Enrolled
1729,1729,Dropout
1730,1730,Graduate
1731,1731,Graduate
1732,1732,Dropout
1733,1733,Dropout
1734,1734,Enrolled
1735,1735,Dropout
1736,1736,Graduate
1737,1737,Graduate
1738,1738,Enrolled
1739,1739,Graduate
1740,1740,Dropout
1741,1741,Dropout
1742,1742,Enrolled
1743,1743,Dropout
1744,1744,Dropout
1745,1745,Dropout
1746,1746,Dropout
1747,1747,Dropout
1748,1748,Dropout
1749,1749,Dropout
1750,1750,Dropout
1751,1751,Enrolled
1752,1752,Graduate
1753,1753,Enrolled
1754,1754,Enrolled
1755,1755,Dropout
1756,1756,Enrolled
1757,1757,Enrolled
1758,1758,Dropout
1759,1759,Graduate
1760,1760,Graduate
1761,1761,Graduate
1762,1762,Dropout
1763,1763,Graduate
1764,1764,Graduate
1765,1765,Graduate
1766,1766,Dropout
1767,1767,Dropout
1768,1768,Enrolled
1769,1769,Dropout
1770,1770,Enrolled
1771,1771,Enrolled
1772,1772,Enrolled
1773,1773,Graduate
1774,1774,Enrolled
1775,1775,Enrolled
1776,1776,Dropout
1777,1777,Graduate
1778,1778,Dropout
1779,1779,Graduate
1780,1780,Graduate
1781,1781,Enrolled
1782,1782,Graduate
1783,1783,Dropout
1784,1784,Enrolled
1785,1785,Dropout
1786,1786,Enrolled
1787,1787,Dropout
1788,1788,Graduate
1789,1789,Dropout
1790,1790,Graduate
1791,1791,Graduate
1792,1792,Dropout
1793,1793,Dropout
1794,1794,Dropout
1795,1795,Enrolled
1796,1796,Graduate
1797,1797,Graduate
1798,1798,Dropout
1799,1799,Dropout
1800,1800,Dropout
1801,1801,Dropout
1802,1802,Graduate
1803,1803,Graduate
1804,1804,Dropout
1805,1805,Dropout
1806,1806,Dropout
1807,1807,Enrolled
1808,1808,Dropout
1809,1809,Enrolled
1810,1810,Graduate
1811,1811,Graduate
1812,1812,Graduate
1813,1813,Dropout
1814,1814,Graduate
1815,1815,Dropout
1816,1816,Enrolled
1817,1817,Graduate
1818,1818,Graduate
1819,1819,Dropout
1820,1820,Dropout
1821,1821,Enrolled
1822,1822,Enrolled
1823,1823,Enrolled
1824,1824,Dropout
1825,1825,Graduate
1826,1826,Graduate
1827,1827,Graduate
1828,1828,Enrolled
1829,1829,Dropout
1830,1830,Enrolled
1831,1831,Dropout
1832,1832,Graduate
1833,1833,Graduate
1834,1834,Dropout
1835,1835,Graduate
1836,1836,Graduate
1837,1837,Graduate
1838,1838,Enrolled
1839,1839,Graduate
1840,1840,Graduate
1841,1841,Dropout
1842,1842,Dropout
1843,1843,Graduate
1844,1844,Enrolled
1845,1845,Graduate
1846,1846,Dropout
1847,1847,Dropout
1848,1848,Dropout
1849,1849,Graduate
1850,1850,Enrolled
1851,1851,Dropout
1852,1852,Dropout
1853,1853,Graduate
1854,1854,Graduate
1855,1855,Dropout
1856,1856,Dropout
1857,1857,Graduate
1858,1858,Graduate
1859,1859,Graduate
1860,1860,Enrolled
1861,1861,Dropout
1862,1862,Enrolled
1863,1863,Dropout
1864,1864,Graduate
1865,1865,Dropout
1866,1866,Graduate
1867,1867,Dropout
1868,1868,Dropout
1869,1869,Graduate
1870,1870,Graduate
1871,1871,Dropout
1872,1872,Dropout
1873,1873,Graduate
1874,1874,Dropout
1875,1875,Graduate
1876,1876,Graduate
1877,1877,Dropout
1878,1878,Dropout
1879,1879,Dropout
1880,1880,Graduate
1881,1881,Enrolled
1882,1882,Dropout
1883,1883,Dropout
1884,1884,Graduate
1885,1885,Enrolled
1886,1886,Graduate
1887,1887,Dropout
1888,1888,Dropout
1889,1889,Graduate
1890,1890,Graduate
1891,1891,Graduate
1892,1892,Graduate
1893,1893,Dropout
1894,1894,Enrolled
1895,1895,Graduate
1896,1896,Enrolled
1897,1897,Enrolled
1898,1898,Dropout
1899,1899,Graduate
1900,1900,Graduate
1901,1901,Graduate
1902,1902,Graduate
1903,1903,Graduate
1904,1904,Graduate
1905,1905,Graduate
1906,1906,Graduate
1907,1907,Graduate
1908,1908,Graduate
1909,1909,Enrolled
1910,1910,Graduate
1911,1911,Graduate
1912,1912,Graduate
1913,1913,Graduate
1914,1914,Dropout
1915,1915,Graduate
1916,1916,Graduate
1917,1917,Graduate
1918,1918,Graduate
1919,1919,Graduate
1920,1920,Enrolled
1921,1921,Enrolled
1922,1922,Graduate
1923,1923,Enrolled
1924,1924,Graduate
1925,1925,Dropout
1926,1926,Graduate
1927,1927,Graduate
1928,1928,Graduate
1929,1929,Enrolled
1930,1930,Graduate
1931,1931,Graduate
1932,1932,Graduate
1933,1933,Graduate
1934,1934,Graduate
1935,1935,Graduate
1936,1936,Graduate
1937,1937,Graduate
1938,1938,Graduate
1939,1939,Dropout
1940,1940,Graduate
1941,1941,Graduate
1942,1942,Graduate
1943,1943,Graduate
1944,1944,Graduate
1945,1945,Dropout
1946,1946,Graduate
1947,1947,Graduate
1948,1948,Graduate
1949,1949,Graduate
1950,1950,Graduate
1951,1951,Dropout
1952,1952,Dropout
1953,1953,Dropout
1954,1954,Graduate
1955,1955,Enrolled
1956,1956,Graduate
1957,1957,Enrolled
1958,1958,Graduate
1959,1959,Dropout
1960,1960,Enrolled
1961,1961,Graduate
1962,1962,Enrolled
1963,1963,Graduate
1964,1964,Graduate
1965,1965,Graduate
1966,1966,Graduate
1967,1967,Graduate
1968,1968,Enrolled
1969,1969,Enrolled
1970,1970,Graduate
1971,1971,Enrolled
1972,1972,Graduate
1973,1973,Dropout
1974,1974,Graduate
1975,1975,Graduate
1976,1976,Dropout
1977,1977,Enrolled
1978,1978,Graduate
1979,1979,Enrolled
1980,1980,Graduate
1981,1981,Graduate
1982,1982,Graduate
1983,1983,Graduate
1984,1984,Graduate
1985,1985,Graduate
1986,1986,Graduate
1987,1987,Graduate
1988,1988,Enrolled
1989,1989,Graduate
1990,1990,Enrolled
1991,1991,Graduate
1992,1992,Dropout
1993,1993,Enrolled
1994,1994,Graduate
1995,1995,Dropout
1996,1996,Graduate
1997,1997,Graduate
1998,1998,Graduate
1999,1999,Dropout
2000,2000,Graduate
2001,2001,Dropout
2002,2002,Dropout
2003,2003,Graduate
2004,2004,Dropout
2005,2005,Dropout
2006,2006,Graduate
2007,2007,Graduate
2008,2008,Graduate
2009,2009,Graduate
2010,2010,Dropout
2011,2011,Graduate
2012,2012,Graduate
2013,2013,Dropout
2014,2014,Dropout
2015,2015,Dropout
2016,2016,Graduate
2017,2017,Graduate
2018,2018,Graduate
2019,2019,Enrolled
2020,2020,Graduate
2021,2021,Dropout
2022,2022,Dropout
2023,2023,Dropout
2024,2024,Graduate
2025,2025,Enrolled
2026,2026,Graduate
2027,2027,Graduate
2028,2028,Enrolled
2029,2029,Graduate
2030,2030,Graduate
2031,2031,Graduate
2032,2032,Dropout
2033,2033,Graduate
2034,2034,Dropout
2035,2035,Graduate
2036,2036,Enrolled
2037,2037,Dropout
2038,2038,Dropout
2039,2039,Graduate
2040,2040,Graduate
2041,2041,Dropout
2042,2042,Graduate
2043,2043,Graduate
2044,2044,Graduate
2045,2045,Graduate
2046,2046,Graduate
2047,2047,Dropout
2048,2048,Dropout
2049,2049,Graduate
2050,2050,Graduate
2051,2051,Graduate
2052,2052,Graduate
2053,2053,Dropout
2054,2054,Enrolled
2055,2055,Graduate
2056,2056,Graduate
2057,2057,Graduate
2058,2058,Enrolled
2059,2059,Graduate
2060,2060,Dropout
2061,2061,Graduate
2062,2062,Graduate
2063,2063,Graduate
2064,2064,Graduate
2065,2065,Graduate
2066,2066,Graduate
2067,2067,Graduate
2068,2068,Graduate
2069,2069,Enrolled
2070,2070,Dropout
2071,2071,Graduate
2072,2072,Graduate
2073,2073,Graduate
2074,2074,Graduate
2075,2075,Graduate
2076,2076,Graduate
2077,2077,Graduate
2078,2078,Graduate
2079,2079,Graduate
2080,2080,Graduate
2081,2081,Graduate
2082,2082,Graduate
2083,2083,Graduate
2084,2084,Graduate
2085,2085,Graduate
2086,2086,Dropout
2087,2087,Dropout
2088,2088,Dropout
2089,2089,Graduate
2090,2090,Dropout
2091,2091,Graduate
2092,2092,Enrolled
2093,2093,Graduate
2094,2094,Graduate
2095,2095,Dropout
2096,2096,Graduate
2097,2097,Dropout
2098,2098,Graduate
2099,2099,Graduate
2100,2100,Dropout
2101,2101,Enrolled
2102,2102,Graduate
2103,2103,Graduate
2104,2104,Dropout
2105,2105,Graduate
2106,2106,Enrolled
2107,2107,Enrolled
2108,2108,Graduate
2109,2109,Enrolled
2110,2110,Graduate
2111,2111,Enrolled
2112,2112,Graduate
2113,2113,Graduate
2114,2114,Graduate
2115,2115,Dropout
2116,2116,Dropout
2117,2117,Graduate
2118,2118,Dropout
2119,2119,Graduate
2120,2120,Enrolled
2121,2121,Dropout
2122,2122,Graduate
2123,2123,Graduate
2124,2124,Dropout
2125,2125,Graduate
2126,2126,Dropout
2127,2127,Dropout
2128,2128,Dropout
2129,2129,Dropout
2130,2130,Graduate
2131,2131,Enrolled
2132,2132,Graduate
2133,2133,Graduate
2134,2134,Graduate
2135,2135,Graduate
2136,2136,Dropout
2137,2137,Graduate
2138,2138,Graduate
2139,2139,Graduate
2140,2140,Dropout
2141,2141,Enrolled
2142,2142,Graduate
2143,2143,Graduate
2144,2144,Graduate
2145,2145,Graduate
2146,2146,Enrolled
2147,2147,Graduate
2148,2148,Graduate
2149,2149,Graduate
2150,2150,Graduate
2151,2151,Graduate
2152,2152,Enrolled
2153,2153,Graduate
2154,2154,Graduate
2155,2155,Graduate
2156,2156,Graduate
2157,2157,Enrolled
2158,2158,Graduate
2159,2159,Graduate
2160,2160,Dropout
2161,2161,Graduate
2162,2162,Dropout
2163,2163,Dropout
2164,2164,Graduate
2165,2165,Graduate
2166,2166,Graduate
2167,2167,Graduate
2168,2168,Graduate
2169,2169,Graduate
2170,2170,Graduate
2171,2171,Graduate
2172,2172,Graduate
2173,2173,Graduate
2174,2174,Dropout
2175,2175,Graduate
2176,2176,Graduate
2177,2177,Graduate
2178,2178,Dropout
2179,2179,Graduate
2180,2180,Graduate
2181,2181,Dropout
2182,2182,Graduate
2183,2183,Graduate
2184,2184,Dropout
2185,2185,Enrolled
2186,2186,Graduate
2187,2187,Enrolled
2188,2188,Graduate
2189,2189,Graduate
2190,2190,Dropout
2191,2191,Enrolled
2192,2192,Dropout
2193,2193,Dropout
2194,2194,Enrolled
2195,2195,Graduate
2196,2196,Enrolled
2197,2197,Enrolled
2198,2198,Enrolled
2199,2199,Dropout
2200,2200,Dropout
2201,2201,Dropout
2202,2202,Graduate
2203,2203,Graduate
2204,2204,Dropout
2205,2205,Graduate
2206,2206,Enrolled
2207,2207,Dropout
2208,2208,Enrolled
2209,2209,Enrolled
2210,2210,Dropout
2211,2211,Graduate
2212,2212,Graduate
2213,2213,Enrolled
2214,2214,Dropout
2215,2215,Graduate
2216,2216,Enrolled
2217,2217,Graduate
2218,2218,Dropout
2219,2219,Graduate
2220,2220,Graduate
2221,2221,Graduate
2222,2222,Graduate
2223,2223,Enrolled
2224,2224,Dropout
2225,2225,Graduate
2226,2226,Dropout
2227,2227,Graduate
2228,2228,Dropout
2229,2229,Dropout
2230,2230,Graduate
2231,2231,Graduate
2232,2232,Dropout
2233,2233,Dropout
2234,2234,Dropout
2235,2235,Enrolled
2236,2236,Graduate
2237,2237,Enrolled
2238,2238,Dropout
2239,2239,Enrolled
2240,2240,Enrolled
2241,2241,Graduate
2242,2242,Enrolled
2243,2243,Enrolled
2244,2244,Graduate
2245,2245,Dropout
2246,2246,Graduate
2247,2247,Enrolled
2248,2248,Enrolled
2249,2249,Dropout
2250,2250,Graduate
2251,2251,Dropout
2252,2252,Dropout
2253,2253,Dropout
2254,2254,Dropout
2255,2255,Dropout
2256,2256,Dropout
2257,2257,Dropout
2258,2258,Enrolled
2259,2259,Dropout
2260,2260,Graduate
2261,2261,Enrolled
2262,2262,Dropout
2263,2263,Dropout
2264,2264,Dropout
2265,2265,Enrolled
2266,2266,Enrolled
2267,2267,Dropout
2268,2268,Dropout
2269,2269,Dropout
2270,2270,Dropout
2271,2271,Dropout
2272,2272,Graduate
2273,2273,Dropout
2274,2274,Dropout
2275,2275,Dropout
2276,2276,Dropout
2277,2277,Graduate
2278,2278,Graduate
2279,2279,Enrolled
2280,2280,Dropout
2281,2281,Graduate
2282,2282,Enrolled
2283,2283,Dropout
2284,2284,Graduate
2285,2285,Enrolled
2286,2286,Dropout
2287,2287,Graduate
2288,2288,Graduate
2289,2289,Enrolled
2290,2290,Dropout
2291,2291,Dropout
2292,2292,Graduate
2293,2293,Dropout
2294,2294,Graduate
2295,2295,Dropout
2296,2296,Graduate
2297,2297,Dropout
2298,2298,Graduate
2299,2299,Graduate
2300,2300,Dropout
2301,2301,Enrolled
2302,2302,Enrolled
2303,2303,Enrolled
2304,2304,Enrolled
2305,2305,Dropout
2306,2306,Enrolled
2307,2307,Dropout
2308,2308,Dropout
2309,2309,Dropout
2310,2310,Graduate
2311,2311,Graduate
2312,2312,Graduate
2313,2313,Dropout
2314,2314,Graduate
2315,2315,Graduate
2316,2316,Dropout
2317,2317,Dropout
2318,2318,Dropout
2319,2319,Dropout
2320,2320,Graduate
2321,2321,Dropout
2322,2322,Enrolled
2323,2323,Dropout
2324,2324,Enrolled
2325,2325,Graduate
2326,2326,Dropout
2327,2327,Enrolled
2328,2328,Dropout
2329,2329,Graduate
2330,2330,Dropout
2331,2331,Dropout
2332,2332,Dropout
2333,2333,Graduate
2334,2334,Dropout
2335,2335,Graduate
2336,2336,Graduate
2337,2337,Dropout
2338,2338,Dropout
2339,2339,Dropout
2340,2340,Enrolled
2341,2341,Dropout
2342,2342,Enrolled
2343,2343,Graduate
2344,2344,Graduate
2345,2345,Graduate
2346,2346,Graduate
2347,2347,Enrolled
2348,2348,Graduate
2349,2349,Dropout
2350,2350,Graduate
2351,2351,Graduate
2352,2352,Graduate
2353,2353,Graduate
2354,2354,Graduate
2355,2355,Dropout
2356,2356,Graduate
2357,2357,Graduate
2358,2358,Dropout
2359,2359,Graduate
2360,2360,Dropout
2361,2361,Enrolled
2362,2362,Dropout
2363,2363,Graduate
2364,2364,Enrolled
2365,2365,Enrolled
2366,2366,Graduate
2367,2367,Enrolled
2368,2368,Graduate
2369,2369,Enrolled
2370,2370,Dropout
2371,2371,Enrolled
2372,2372,Graduate
2373,2373,Enrolled
2374,2374,Enrolled
2375,2375,Enrolled
2376,2376,Dropout
2377,2377,Graduate
2378,2378,Dropout
2379,2379,Dropout
2380,2380,Graduate
2381,2381,Graduate
2382,2382,Graduate
2383,2383,Dropout
2384,2384,Enrolled
2385,2385,Enrolled
2386,2386,Graduate
2387,2387,Enrolled
2388,2388,Graduate
2389,2389,Dropout
2390,2390,Dropout
2391,2391,Dropout
2392,2392,Dropout
2393,2393,Enrolled
2394,2394,Dropout
2395,2395,Graduate
2396,2396,Enrolled
2397,2397,Dropout
2398,2398,Enrolled
2399,2399,Graduate
2400,2400,Graduate
2401,2401,Dropout
2402,2402,Graduate
2403,2403,Dropout
2404,2404,Graduate
2405,2405,Dropout
2406,2406,Graduate
2407,2407,Graduate
2408,2408,Dropout
2409,2409,Dropout
2410,2410,Dropout
2411,2411,Dropout
2412,2412,Dropout
2413,2413,Enrolled
2414,2414,Graduate
2415,2415,Graduate
2416,2416,Dropout
2417,2417,Dropout
2418,2418,Graduate
2419,2419,Graduate
2420,2420,Enrolled
2421,2421,Dropout
2422,2422,Dropout
2423,2423,Graduate
2424,2424,Dropout
2425,2425,Dropout
2426,2426,Dropout
2427,2427,Dropout
2428,2428,Graduate
2429,2429,Dropout
2430,2430,Dropout
2431,2431,Graduate
2432,2432,Graduate
2433,2433,Dropout
2434,2434,Enrolled
2435,2435,Enrolled
2436,2436,Graduate
2437,2437,Graduate
2438,2438,Dropout
2439,2439,Dropout
2440,2440,Dropout
2441,2441,Dropout
2442,2442,Enrolled
2443,2443,Dropout
2444,2444,Graduate
2445,2445,Dropout
2446,2446,Enrolled
2447,2447,Dropout
2448,2448,Graduate
2449,2449,Dropout
2450,2450,Dropout
2451,2451,Enrolled
2452,2452,Dropout
2453,2453,Graduate
2454,2454,Enrolled
2455,2455,Dropout
2456,2456,Graduate
2457,2457,Graduate
2458,2458,Enrolled
2459,2459,Dropout
2460,2460,Graduate
2461,2461,Dropout
2462,2462,Dropout
2463,2463,Dropout
2464,2464,Dropout
2465,2465,Dropout
2466,2466,Dropout
2467,2467,Enrolled
2468,2468,Enrolled
2469,2469,Dropout
2470,2470,Dropout
2471,2471,Enrolled
2472,2472,Dropout
2473,2473,Dropout
2474,2474,Dropout
2475,2475,Graduate
2476,2476,Dropout
2477,2477,Graduate
2478,2478,Enrolled
2479,2479,Graduate
2480,2480,Dropout
2481,2481,Enrolled
2482,2482,Graduate
2483,2483,Graduate
2484,2484,Graduate
2485,2485,Graduate
2486,2486,Dropout
2487,2487,Dropout
2488,2488,Dropout
2489,2489,Enrolled
2490,2490,Graduate
2491,2491,Enrolled
2492,2492,Enrolled
2493,2493,Dropout
2494,2494,Graduate
2495,2495,Graduate
2496,2496,Graduate
2497,2497,Graduate
2498,2498,Graduate
2499,2499,Dropout
2500,2500,Dropout
2501,2501,Graduate
2502,2502,Graduate
2503,2503,Graduate
2504,2504,Graduate
2505,2505,Dropout
2506,2506,Graduate
2507,2507,Graduate
2508,2508,Graduate
2509,2509,Graduate
2510,2510,Graduate
2511,2511,Dropout
2512,2512,Enrolled
2513,2513,Graduate
2514,2514,Graduate
2515,2515,Dropout
2516,2516,Enrolled
2517,2517,Graduate
2518,2518,Graduate
2519,2519,Graduate
2520,2520,Graduate
2521,2521,Graduate
2522,2522,Graduate
2523,2523,Graduate
2524,2524,Dropout
2525,2525,Dropout
2526,2526,Graduate
2527,2527,Dropout
2528,2528,Graduate
2529,2529,Graduate
2530,2530,Graduate
2531,2531,Graduate
2532,2532,Graduate
2533,2533,Graduate
2534,2534,Enrolled
2535,2535,Graduate
2536,2536,Enrolled
2537,2537,Enrolled
2538,2538,Graduate
2539,2539,Graduate
2540,2540,Graduate
2541,2541,Dropout
2542,2542,Dropout
2543,2543,Graduate
2544,2544,Dropout
2545,2545,Enrolled
2546,2546,Graduate
2547,2547,Graduate
2548,2548,Graduate
2549,2549,Graduate
2550,2550,Dropout
2551,2551,Graduate
2552,2552,Enrolled
2553,2553,Graduate
2554,2554,Dropout
2555,2555,Enrolled
2556,2556,Enrolled
2557,2557,Graduate
2558,2558,Enrolled
2559,2559,Enrolled
2560,2560,Dropout
2561,2561,Graduate
2562,2562,Graduate
2563,2563,Dropout
2564,2564,Enrolled
2565,2565,Graduate
2566,2566,Graduate
2567,2567,Graduate
2568,2568,Enrolled
2569,2569,Enrolled
2570,2570,Graduate
2571,2571,Graduate
2572,2572,Graduate
2573,2573,Graduate
2574,2574,Graduate
2575,2575,Graduate
2576,2576,Graduate
2577,2577,Dropout
2578,2578,Dropout
2579,2579,Graduate
2580,2580,Graduate
2581,2581,Graduate
2582,2582,Dropout
2583,2583,Graduate
2584,2584,Enrolled
2585,2585,Graduate
2586,2586,Graduate
2587,2587,Enrolled
2588,2588,Enrolled
2589,2589,Dropout
2590,2590,Enrolled
2591,2591,Dropout
2592,2592,Enrolled
2593,2593,Graduate
2594,2594,Dropout
2595,2595,Enrolled
2596,2596,Graduate
2597,2597,Dropout
2598,2598,Dropout
2599,2599,Enrolled
2600,2600,Enrolled
2601,2601,Dropout
2602,2602,Enrolled
2603,2603,Graduate
2604,2604,Dropout
2605,2605,Dropout
2606,2606,Graduate
2607,2607,Graduate
2608,2608,Dropout
2609,2609,Graduate
2610,2610,Dropout
2611,2611,Graduate
2612,2612,Graduate
2613,2613,Graduate
2614,2614,Dropout
2615,2615,Dropout
2616,2616,Dropout
2617,2617,Dropout
2618,2618,Graduate
2619,2619,Dropout
2620,2620,Graduate
2621,2621,Enrolled
2622,2622,Graduate
2623,2623,Graduate
2624,2624,Dropout
2625,2625,Graduate
2626,2626,Dropout
2627,2627,Graduate
2628,2628,Enrolled
2629,2629,Enrolled
2630,2630,Enrolled
2631,2631,Dropout
2632,2632,Dropout
2633,2633,Graduate
2634,2634,Graduate
2635,2635,Enrolled
2636,2636,Dropout
2637,2637,Dropout
2638,2638,Graduate
2639,2639,Graduate
2640,2640,Graduate
2641,2641,Dropout
2642,2642,Graduate
2643,2643,Dropout
2644,2644,Dropout
2645,2645,Graduate
2646,2646,Dropout
2647,2647,Enrolled
2648,2648,Dropout
2649,2649,Dropout
2650,2650,Dropout
2651,2651,Enrolled
2652,2652,Dropout
2653,2653,Graduate
2654,2654,Dropout
2655,2655,Graduate
2656,2656,Graduate
2657,2657,Graduate
2658,2658,Enrolled
2659,2659,Dropout
2660,2660,Dropout
2661,2661,Dropout
2662,2662,Graduate
2663,2663,Dropout
2664,2664,Dropout
2665,2665,Graduate
2666,2666,Dropout
2667,2667,Graduate
2668,2668,Dropout
2669,2669,Enrolled
2670,2670,Dropout
2671,2671,Enrolled
2672,2672,Graduate
2673,2673,Dropout
2674,2674,Enrolled
2675,2675,Graduate
2676,2676,Enrolled
2677,2677,Dropout
2678,2678,Graduate
2679,2679,Enrolled
2680,2680,Graduate
2681,2681,Graduate
2682,2682,Dropout
2683,2683,Dropout
2684,2684,Graduate
2685,2685,Dropout
2686,2686,Enrolled
2687,2687,Enrolled
2688,2688,Dropout
2689,2689,Enrolled
2690,2690,Dropout
2691,2691,Dropout
2692,2692,Graduate
2693,2693,Graduate
2694,2694,Graduate
2695,2695,Graduate
2696,2696,Enrolled
2697,2697,Dropout
2698,2698,Enrolled
2699,2699,Dropout
2700,2700,Graduate
2701,2701,Dropout
2702,2702,Dropout
2703,2703,Dropout
2704,2704,Dropout
2705,2705,Enrolled
2706,2706,Dropout
2707,2707,Graduate
2708,2708,Dropout
2709,2709,Graduate
2710,2710,Enrolled
2711,2711,Graduate
2712,2712,Dropout
2713,2713,Dropout
2714,2714,Graduate
2715,2715,Dropout
2716,2716,Graduate
2717,2717,Enrolled
2718,2718,Graduate
2719,2719,Graduate
2720,2720,Graduate
2721,2721,Graduate
2722,2722,Enrolled
2723,2723,Enrolled
2724,2724,Dropout
2725,2725,Graduate
2726,2726,Enrolled
2727,2727,Graduate
2728,2728,Graduate
2729,2729,Enrolled
2730,2730,Graduate
2731,2731,Graduate
2732,2732,Graduate
2733,2733,Enrolled
2734,2734,Enrolled
2735,2735,Graduate
2736,2736,Graduate
2737,2737,Graduate
2738,2738,Dropout
2739,2739,Graduate
2740,2740,Graduate
2741,2741,Graduate
2742,2742,Graduate
2743,2743,Graduate
2744,2744,Graduate
2745,2745,Dropout
2746,2746,Graduate
2747,2747,Enrolled
2748,2748,Dropout
2749,2749,Dropout
2750,2750,Dropout
2751,2751,Dropout
2752,2752,Graduate
2753,2753,Dropout
2754,2754,Graduate
2755,2755,Dropout
2756,2756,Graduate
2757,2757,Dropout
2758,2758,Dropout
2759,2759,Enrolled
2760,2760,Enrolled
2761,2761,Dropout
2762,2762,Enrolled
2763,2763,Enrolled
2764,2764,Graduate
2765,2765,Enrolled
2766,2766,Graduate
2767,2767,Graduate
2768,2768,Dropout
2769,2769,Graduate
2770,2770,Dropout
2771,2771,Graduate
2772,2772,Graduate
2773,2773,Enrolled
2774,2774,Graduate
2775,2775,Enrolled
2776,2776,Graduate
2777,2777,Enrolled
2778,2778,Enrolled
2779,2779,Graduate
2780,2780,Graduate
2781,2781,Graduate
2782,2782,Dropout
2783,2783,Enrolled
2784,2784,Enrolled
2785,2785,Graduate
2786,2786,Graduate
2787,2787,Dropout
2788,2788,Enrolled
2789,2789,Dropout
2790,2790,Dropout
2791,2791,Dropout
2792,2792,Graduate
2793,2793,Graduate
2794,2794,Graduate
2795,2795,Enrolled
2796,2796,Graduate
2797,2797,Dropout
2798,2798,Graduate
2799,2799,Graduate
2800,2800,Dropout
2801,2801,Graduate
2802,2802,Dropout
2803,2803,Graduate
2804,2804,Graduate
2805,2805,Graduate
2806,2806,Graduate
2807,2807,Graduate
2808,2808,Enrolled
2809,2809,Graduate
2810,2810,Enrolled
2811,2811,Graduate
2812,2812,Dropout
2813,2813,Graduate
2814,2814,Graduate
2815,2815,Graduate
2816,2816,Graduate
2817,2817,Graduate
2818,2818,Enrolled
2819,2819,Graduate
2820,2820,Enrolled
2821,2821,Graduate
2822,2822,Dropout
2823,2823,Graduate
2824,2824,Enrolled
2825,2825,Enrolled
2826,2826,Dropout
2827,2827,Graduate
2828,2828,Graduate
2829,2829,Enrolled
2830,2830,Dropout
2831,2831,Graduate
2832,2832,Enrolled
2833,2833,Enrolled
2834,2834,Enrolled
2835,2835,Graduate
2836,2836,Graduate
2837,2837,Dropout
2838,2838,Enrolled
2839,2839,Dropout
2840,2840,Graduate
2841,2841,Enrolled
2842,2842,Graduate
2843,2843,Graduate
2844,2844,Dropout
2845,2845,Enrolled
2846,2846,Graduate
2847,2847,Dropout
2848,2848,Dropout
2849,2849,Dropout
2850,2850,Graduate
2851,2851,Dropout
2852,2852,Graduate
2853,2853,Graduate
2854,2854,Graduate
2855,2855,Dropout
2856,2856,Dropout
2857,2857,Graduate
2858,2858,Dropout
2859,2859,Graduate
2860,2860,Enrolled
2861,2861,Graduate
2862,2862,Graduate
2863,2863,Graduate
2864,2864,Graduate
2865,2865,Dropout
2866,2866,Graduate
2867,2867,Dropout
2868,2868,Graduate
2869,2869,Enrolled
2870,2870,Graduate
2871,2871,Graduate
2872,2872,Dropout
2873,2873,Enrolled
2874,2874,Graduate
2875,2875,Dropout
2876,2876,Enrolled
2877,2877,Dropout
2878,2878,Enrolled
2879,2879,Dropout
2880,2880,Dropout
2881,2881,Graduate
2882,2882,Enrolled
2883,2883,Dropout
2884,2884,Graduate
2885,2885,Graduate
2886,2886,Graduate
2887,2887,Graduate
2888,2888,Graduate
2889,2889,Graduate
2890,2890,Graduate
2891,2891,Graduate
2892,2892,Dropout
2893,2893,Graduate
2894,2894,Dropout
2895,2895,Graduate
2896,2896,Graduate
2897,2897,Enrolled
2898,2898,Graduate
2899,2899,Graduate
2900,2900,Graduate
2901,2901,Enrolled
2902,2902,Dropout
2903,2903,Graduate
2904,2904,Graduate
2905,2905,Dropout
2906,2906,Graduate
2907,2907,Graduate
2908,2908,Graduate
2909,2909,Graduate
2910,2910,Dropout
2911,2911,Dropout
2912,2912,Graduate
2913,2913,Dropout
2914,2914,Graduate
2915,2915,Dropout
2916,2916,Enrolled
2917,2917,Graduate
2918,2918,Graduate
2919,2919,Dropout
2920,2920,Dropout
2921,2921,Graduate
2922,2922,Enrolled
2923,2923,Dropout
2924,2924,Dropout
2925,2925,Graduate
2926,2926,Graduate
2927,2927,Graduate
2928,2928,Graduate
2929,2929,Dropout
2930,2930,Enrolled
2931,2931,Dropout
2932,2932,Dropout
2933,2933,Dropout
2934,2934,Graduate
2935,2935,Dropout
2936,2936,Dropout
2937,2937,Dropout
2938,2938,Dropout
2939,2939,Enrolled
2940,2940,Dropout
2941,2941,Graduate
2942,2942,Enrolled
2943,2943,Graduate
2944,2944,Graduate
2945,2945,Graduate
2946,2946,Dropout
2947,2947,Dropout
2948,2948,Graduate
2949,2949,Graduate
2950,2950,Dropout
2951,2951,Graduate
2952,2952,Graduate
2953,2953,Enrolled
2954,2954,Dropout
2955,2955,Graduate
2956,2956,Graduate
2957,2957,Dropout
2958,2958,Graduate
2959,2959,Dropout
2960,2960,Graduate
2961,2961,Graduate
2962,2962,Graduate
2963,2963,Dropout
2964,2964,Graduate
2965,2965,Dropout
2966,2966,Graduate
2967,2967,Graduate
2968,2968,Enrolled
2969,2969,Graduate
2970,2970,Graduate
2971,2971,Graduate
2972,2972,Dropout
2973,2973,Enrolled
2974,2974,Graduate
2975,2975,Dropout
2976,2976,Graduate
2977,2977,Graduate
2978,2978,Dropout
2979,2979,Graduate
2980,2980,Dropout
2981,2981,Graduate
2982,2982,Graduate
2983,2983,Graduate
2984,2984,Graduate
2985,2985,Graduate
2986,2986,Graduate
2987,2987,Enrolled
2988,2988,Graduate
2989,2989,Graduate
2990,2990,Enrolled
2991,2991,Graduate
2992,2992,Graduate
2993,2993,Dropout
2994,2994,Graduate
2995,2995,Graduate
2996,2996,Graduate
2997,2997,Graduate
2998,2998,Enrolled
2999,2999,Graduate
3000,3000,Dropout
3001,3001,Enrolled
3002,3002,Graduate
3003,3003,Dropout
3004,3004,Dropout
3005,3005,Graduate
3006,3006,Graduate
3007,3007,Graduate
3008,3008,Enrolled
3009,3009,Dropout
3010,3010,Graduate
3011,3011,Graduate
3012,3012,Dropout
3013,3013,Graduate
3014,3014,Graduate
3015,3015,Dropout
3016,3016,Graduate
3017,3017,Graduate
3018,3018,Graduate
3019,3019,Graduate
3020,3020,Graduate
3021,3021,Graduate
3022,3022,Graduate
3023,3023,Dropout
3024,3024,Graduate
3025,3025,Graduate
3026,3026,Graduate
3027,3027,Enrolled
3028,3028,Dropout
3029,3029,Graduate
3030,3030,Graduate
3031,3031,Dropout
3032,3032,Graduate
3033,3033,Graduate
3034,3034,Graduate
3035,3035,Graduate
3036,3036,Graduate
3037,3037,Dropout
3038,3038,Graduate
3039,3039,Graduate
3040,3040,Dropout
3041,3041,Dropout
3042,3042,Enrolled
3043,3043,Graduate
3044,3044,Graduate
3045,3045,Graduate
3046,3046,Graduate
3047,3047,Enrolled
3048,3048,Dropout
3049,3049,Graduate
3050,3050,Graduate
3051,3051,Dropout
3052,3052,Enrolled
3053,3053,Graduate
3054,3054,Dropout
3055,3055,Graduate
3056,3056,Dropout
3057,3057,Graduate
3058,3058,Dropout
3059,3059,Graduate
3060,3060,Graduate
3061,3061,Enrolled
3062,3062,Dropout
3063,3063,Dropout
3064,3064,Graduate
3065,3065,Graduate
3066,3066,Dropout
3067,3067,Graduate
3068,3068,Enrolled
3069,3069,Graduate
3070,3070,Dropout
3071,3071,Enrolled
3072,3072,Dropout
3073,3073,Dropout
3074,3074,Enrolled
3075,3075,Dropout
3076,3076,Enrolled
3077,3077,Dropout
3078,3078,Enrolled
3079,3079,Graduate
3080,3080,Dropout
3081,3081,Graduate
3082,3082,Graduate
3083,3083,Graduate
3084,3084,Dropout
3085,3085,Graduate
3086,3086,Enrolled
3087,3087,Graduate
3088,3088,Graduate
3089,3089,Graduate
3090,3090,Dropout
3091,3091,Graduate
3092,3092,Enrolled
3093,3093,Graduate
3094,3094,Graduate
3095,3095,Dropout
3096,3096,Graduate
3097,3097,Graduate
3098,3098,Dropout
3099,3099,Enrolled
3100,3100,Dropout
3101,3101,Graduate
3102,3102,Graduate
3103,3103,Dropout
3104,3104,Dropout
3105,3105,Graduate
3106,3106,Dropout
3107,3107,Graduate
3108,3108,Graduate
3109,3109,Enrolled
3110,3110,Graduate
3111,3111,Dropout
3112,3112,Graduate
3113,3113,Dropout
3114,3114,Enrolled
3115,3115,Graduate
3116,3116,Graduate
3117,3117,Dropout
3118,3118,Graduate
3119,3119,Graduate
3120,3120,Enrolled
3121,3121,Dropout
3122,3122,Graduate
3123,3123,Enrolled
3124,3124,Graduate
3125,3125,Graduate
3126,3126,Graduate
3127,3127,Enrolled
3128,3128,Graduate
3129,3129,Graduate
3130,3130,Graduate
3131,3131,Graduate
3132,3132,Graduate
3133,3133,Graduate
3134,3134,Enrolled
3135,3135,Enrolled
3136,3136,Graduate
3137,3137,Graduate
3138,3138,Graduate
3139,3139,Graduate
3140,3140,Enrolled
3141,3141,Graduate
3142,3142,Graduate
3143,3143,Dropout
3144,3144,Graduate
3145,3145,Graduate
3146,3146,Graduate
3147,3147,Graduate
3148,3148,Enrolled
3149,3149,Enrolled
3150,3150,Graduate
3151,3151,Enrolled
3152,3152,Dropout
3153,3153,Graduate
3154,3154,Graduate
3155,3155,Enrolled
3156,3156,Enrolled
3157,3157,Graduate
3158,3158,Dropout
3159,3159,Enrolled
3160,3160,Enrolled
3161,3161,Graduate
3162,3162,Graduate
3163,3163,Graduate
3164,3164,Graduate
3165,3165,Graduate
3166,3166,Graduate
3167,3167,Dropout
3168,3168,Dropout
3169,3169,Dropout
3170,3170,Graduate
3171,3171,Graduate
3172,3172,Dropout
3173,3173,Dropout
3174,3174,Graduate
3175,3175,Enrolled
3176,3176,Dropout
3177,3177,Graduate
3178,3178,Dropout
3179,3179,Graduate
3180,3180,Enrolled
3181,3181,Graduate
3182,3182,Dropout
3183,3183,Graduate
3184,3184,Enrolled
3185,3185,Graduate
3186,3186,Dropout
3187,3187,Dropout
3188,3188,Dropout
3189,3189,Dropout
3190,3190,Dropout
3191,3191,Dropout
3192,3192,Dropout
3193,3193,Enrolled
3194,3194,Dropout
3195,3195,Enrolled
3196,3196,Dropout
3197,3197,Enrolled
3198,3198,Graduate
3199,3199,Dropout
3200,3200,Graduate
3201,3201,Dropout
3202,3202,Graduate
3203,3203,Enrolled
3204,3204,Dropout
3205,3205,Dropout
3206,3206,Dropout
3207,3207,Graduate
3208,3208,Dropout
3209,3209,Dropout
3210,3210,Graduate
3211,3211,Graduate
3212,3212,Enrolled
3213,3213,Graduate
3214,3214,Dropout
3215,3215,Graduate
3216,3216,Graduate
3217,3217,Dropout
3218,3218,Graduate
3219,3219,Enrolled
3220,3220,Dropout
3221,3221,Dropout
3222,3222,Dropout
3223,3223,Graduate
3224,3224,Dropout
3225,3225,Dropout
3226,3226,Graduate
3227,3227,Graduate
3228,3228,Enrolled
3229,3229,Graduate
3230,3230,Graduate
3231,3231,Graduate
3232,3232,Enrolled
3233,3233,Graduate
3234,3234,Dropout
3235,3235,Graduate
3236,3236,Graduate
3237,3237,Graduate
3238,3238,Enrolled
3239,3239,Graduate
3240,3240,Graduate
3241,3241,Enrolled
3242,3242,Graduate
3243,3243,Dropout
3244,3244,Graduate
3245,3245,Dropout
3246,3246,Dropout
3247,3247,Graduate
3248,3248,Graduate
3249,3249,Graduate
3250,3250,Graduate
3251,3251,Dropout
3252,3252,Graduate
3253,3253,Dropout
3254,3254,Dropout
3255,3255,Graduate
3256,3256,Graduate
3257,3257,Graduate
3258,3258,Graduate
3259,3259,Graduate
3260,3260,Graduate
3261,3261,Graduate
3262,3262,Graduate
3263,3263,Dropout
3264,3264,Graduate
3265,3265,Dropout
3266,3266,Graduate
3267,3267,Graduate
3268,3268,Enrolled
3269,3269,Dropout
3270,3270,Dropout
3271,3271,Dropout
3272,3272,Graduate
3273,3273,Graduate
3274,3274,Enrolled
3275,3275,Dropout
3276,3276,Graduate
3277,3277,Dropout
3278,3278,Graduate
3279,3279,Dropout
3280,3280,Graduate
3281,3281,Graduate
3282,3282,Dropout
3283,3283,Enrolled
3284,3284,Graduate
3285,3285,Enrolled
3286,3286,Graduate
3287,3287,Dropout
3288,3288,Dropout
3289,3289,Graduate
3290,3290,Graduate
3291,3291,Dropout
3292,3292,Dropout
3293,3293,Dropout
3294,3294,Enrolled
3295,3295,Enrolled
3296,3296,Graduate
3297,3297,Enrolled
3298,3298,Dropout
3299,3299,Graduate
3300,3300,Dropout
3301,3301,Dropout
3302,3302,Graduate
3303,3303,Graduate
3304,3304,Graduate
3305,3305,Graduate
3306,3306,Graduate
3307,3307,Graduate
3308,3308,Graduate
3309,3309,Graduate
3310,3310,Dropout
3311,3311,Graduate
3312,3312,Dropout
3313,3313,Enrolled
3314,3314,Enrolled
3315,3315,Dropout
3316,3316,Graduate
3317,3317,Dropout
3318,3318,Graduate
3319,3319,Dropout
3320,3320,Graduate
3321,3321,Graduate
3322,3322,Dropout
3323,3323,Dropout
3324,3324,Dropout
3325,3325,Dropout
3326,3326,Enrolled
3327,3327,Graduate
3328,3328,Dropout
3329,3329,Enrolled
3330,3330,Enrolled
3331,3331,Graduate
3332,3332,Dropout
3333,3333,Dropout
3334,3334,Dropout
3335,3335,Graduate
3336,3336,Enrolled
3337,3337,Dropout
3338,3338,Dropout
3339,3339,Dropout
3340,3340,Enrolled
3341,3341,Dropout
3342,3342,Enrolled
3343,3343,Graduate
3344,3344,Enrolled
3345,3345,Dropout
3346,3346,Dropout
3347,3347,Dropout
3348,3348,Dropout
3349,3349,Graduate
3350,3350,Dropout
3351,3351,Enrolled
3352,3352,Dropout
3353,3353,Dropout
3354,3354,Graduate
3355,3355,Graduate
3356,3356,Dropout
3357,3357,Enrolled
3358,3358,Dropout
3359,3359,Dropout
3360,3360,Enrolled
3361,3361,Dropout
3362,3362,Graduate
3363,3363,Graduate
3364,3364,Dropout
3365,3365,Dropout
3366,3366,Dropout
3367,3367,Enrolled
3368,3368,Graduate
3369,3369,Enrolled
3370,3370,Dropout
3371,3371,Dropout
3372,3372,Graduate
3373,3373,Graduate
3374,3374,Graduate
3375,3375,Graduate
3376,3376,Graduate
3377,3377,Graduate
3378,3378,Graduate
3379,3379,Enrolled
3380,3380,Graduate
3381,3381,Dropout
3382,3382,Dropout
3383,3383,Graduate
3384,3384,Dropout
3385,3385,Enrolled
3386,3386,Graduate
3387,3387,Graduate
3388,3388,Graduate
3389,3389,Graduate
3390,3390,Enrolled
3391,3391,Graduate
3392,3392,Graduate
3393,3393,Graduate
3394,3394,Graduate
3395,3395,Enrolled
3396,3396,Graduate
3397,3397,Enrolled
3398,3398,Graduate
3399,3399,Graduate
3400,3400,Graduate
3401,3401,Graduate
3402,3402,Enrolled
3403,3403,Graduate
3404,3404,Graduate
3405,3405,Enrolled
3406,3406,Graduate
3407,3407,Enrolled
3408,3408,Graduate
3409,3409,Dropout
3410,3410,Graduate
3411,3411,Enrolled
3412,3412,Graduate
3413,3413,Enrolled
3414,3414,Dropout
3415,3415,Graduate
3416,3416,Enrolled
3417,3417,Enrolled
3418,3418,Dropout
3419,3419,Graduate
3420,3420,Graduate
3421,3421,Graduate
3422,3422,Dropout
3423,3423,Dropout
3424,3424,Dropout
3425,3425,Dropout
3426,3426,Dropout
3427,3427,Enrolled
3428,3428,Graduate
3429,3429,Dropout
3430,3430,Dropout
3431,3431,Graduate
3432,3432,Graduate
3433,3433,Graduate
3434,3434,Dropout
3435,3435,Dropout
3436,3436,Graduate
3437,3437,Graduate
3438,3438,Enrolled
3439,3439,Graduate
3440,3440,Dropout
3441,3441,Enrolled
3442,3442,Enrolled
3443,3443,Graduate
3444,3444,Graduate
3445,3445,Dropout
3446,3446,Graduate
3447,3447,Dropout
3448,3448,Graduate
3449,3449,Graduate
3450,3450,Graduate
3451,3451,Enrolled
3452,3452,Enrolled
3453,3453,Graduate
3454,3454,Graduate
3455,3455,Dropout
3456,3456,Graduate
3457,3457,Graduate
3458,3458,Graduate
3459,3459,Graduate
3460,3460,Dropout
3461,3461,Graduate
3462,3462,Enrolled
3463,3463,Dropout
3464,3464,Enrolled
3465,3465,Graduate
3466,3466,Dropout
3467,3467,Enrolled
3468,3468,Graduate
3469,3469,Enrolled
3470,3470,Enrolled
3471,3471,Graduate
3472,3472,Graduate
3473,3473,Dropout
3474,3474,Dropout
3475,3475,Dropout
3476,3476,Graduate
3477,3477,Graduate
3478,3478,Dropout
3479,3479,Enrolled
3480,3480,Graduate
3481,3481,Graduate
3482,3482,Graduate
3483,3483,Dropout
3484,3484,Dropout
3485,3485,Dropout
3486,3486,Dropout
3487,3487,Graduate
3488,3488,Dropout
3489,3489,Dropout
3490,3490,Graduate
3491,3491,Dropout
3492,3492,Dropout
3493,3493,Dropout
3494,3494,Dropout
3495,3495,Graduate
3496,3496,Graduate
3497,3497,Dropout
3498,3498,Dropout
3499,3499,Graduate
3500,3500,Enrolled
3501,3501,Dropout
3502,3502,Dropout
3503,3503,Graduate
3504,3504,Graduate
3505,3505,Graduate
3506,3506,Dropout
3507,3507,Dropout
3508,3508,Graduate
3509,3509,Enrolled
3510,3510,Graduate
3511,3511,Dropout
3512,3512,Enrolled
3513,3513,Dropout
3514,3514,Dropout
3515,3515,Dropout
3516,3516,Enrolled
3517,3517,Dropout
3518,3518,Dropout
3519,3519,Dropout
3520,3520,Dropout
3521,3521,Graduate
3522,3522,Dropout
3523,3523,Graduate
3524,3524,Enrolled
3525,3525,Enrolled
3526,3526,Graduate
3527,3527,Dropout
3528,3528,Dropout
3529,3529,Dropout
3530,3530,Enrolled
3531,3531,Graduate
3532,3532,Enrolled
3533,3533,Graduate
3534,3534,Dropout
3535,3535,Dropout
3536,3536,Dropout
3537,3537,Dropout
3538,3538,Dropout
3539,3539,Dropout
3540,3540,Graduate
3541,3541,Dropout
3542,3542,Dropout
3543,3543,Enrolled
3544,3544,Enrolled
3545,3545,Enrolled
3546,3546,Graduate
3547,3547,Graduate
3548,3548,Dropout
3549,3549,Dropout
3550,3550,Graduate
3551,3551,Enrolled
3552,3552,Dropout
3553,3553,Dropout
3554,3554,Dropout
3555,3555,Enrolled
3556,3556,Graduate
3557,3557,Enrolled
3558,3558,Dropout
3559,3559,Enrolled
3560,3560,Graduate
3561,3561,Enrolled
3562,3562,Graduate
3563,3563,Dropout
3564,3564,Dropout
3565,3565,Dropout
3566,3566,Dropout
3567,3567,Graduate
3568,3568,Graduate
3569,3569,Graduate
3570,3570,Dropout
3571,3571,Graduate
3572,3572,Graduate
3573,3573,Dropout
3574,3574,Enrolled
3575,3575,Graduate
3576,3576,Graduate
3577,3577,Graduate
3578,3578,Dropout
3579,3579,Dropout
3580,3580,Graduate
3581,3581,Graduate
3582,3582,Graduate
3583,3583,Dropout
3584,3584,Enrolled
3585,3585,Graduate
3586,3586,Dropout
3587,3587,Dropout
3588,3588,Graduate
3589,3589,Graduate
3590,3590,Dropout
3591,3591,Enrolled
3592,3592,Enrolled
3593,3593,Dropout
3594,3594,Dropout
3595,3595,Enrolled
3596,3596,Dropout
3597,3597,Enrolled
3598,3598,Graduate
3599,3599,Graduate
3600,3600,Dropout
3601,3601,Dropout
3602,3602,Graduate
3603,3603,Graduate
3604,3604,Enrolled
3605,3605,Graduate
3606,3606,Graduate
3607,3607,Dropout
3608,3608,Enrolled
3609,3609,Dropout
3610,3610,Enrolled
3611,3611,Enrolled
3612,3612,Graduate
3613,3613,Dropout
3614,3614,Dropout
3615,3615,Enrolled
3616,3616,Dropout
3617,3617,Enrolled
3618,3618,Dropout
3619,3619,Graduate
3620,3620,Graduate
3621,3621,Dropout
3622,3622,Graduate
3623,3623,Graduate
3624,3624,Dropout
3625,3625,Graduate
3626,3626,Enrolled
3627,3627,Dropout
3628,3628,Enrolled
3629,3629,Dropout
3630,3630,Graduate
3631,3631,Graduate
3632,3632,Dropout
3633,3633,Enrolled
3634,3634,Graduate
3635,3635,Graduate
3636,3636,Graduate
3637,3637,Graduate
3638,3638,Enrolled
3639,3639,Graduate
3640,3640,Graduate
3641,3641,Graduate
3642,3642,Dropout
3643,3643,Graduate
3644,3644,Graduate
3645,3645,Graduate
3646,3646,Graduate
3647,3647,Enrolled
3648,3648,Dropout
3649,3649,Graduate
3650,3650,Dropout
3651,3651,Graduate
3652,3652,Enrolled
3653,3653,Graduate
3654,3654,Enrolled
3655,3655,Graduate
3656,3656,Graduate
3657,3657,Graduate
3658,3658,Graduate
3659,3659,Graduate
3660,3660,Enrolled
3661,3661,Dropout
3662,3662,Graduate
3663,3663,Graduate
3664,3664,Graduate
3665,3665,Dropout
3666,3666,Enrolled
3667,3667,Dropout
3668,3668,Dropout
3669,3669,Graduate
3670,3670,Graduate
3671,3671,Graduate
3672,3672,Graduate
3673,3673,Graduate
3674,3674,Graduate
3675,3675,Graduate
3676,3676,Graduate
3677,3677,Graduate
3678,3678,Dropout
3679,3679,Graduate
3680,3680,Graduate
3681,3681,Dropout
3682,3682,Enrolled
3683,3683,Dropout
3684,3684,Graduate
3685,3685,Dropout
3686,3686,Dropout
3687,3687,Dropout
3688,3688,Dropout
3689,3689,Graduate
3690,3690,Enrolled
3691,3691,Graduate
3692,3692,Dropout
3693,3693,Dropout
3694,3694,Dropout
3695,3695,Dropout
3696,3696,Dropout
3697,3697,Graduate
3698,3698,Enrolled
3699,3699,Graduate
3700,3700,Dropout
3701,3701,Enrolled
3702,3702,Enrolled
3703,3703,Dropout
3704,3704,Dropout
3705,3705,Graduate
3706,3706,Dropout
3707,3707,Graduate
3708,3708,Graduate
3709,3709,Dropout
3710,3710,Dropout
3711,3711,Graduate
3712,3712,Dropout
3713,3713,Dropout
3714,3714,Dropout
3715,3715,Dropout
3716,3716,Enrolled
3717,3717,Dropout
3718,3718,Graduate
3719,3719,Dropout
3720,3720,Dropout
3721,3721,Enrolled
3722,3722,Dropout
3723,3723,Dropout
3724,3724,Dropout
3725,3725,Dropout
3726,3726,Dropout
3727,3727,Dropout
3728,3728,Graduate
3729,3729,Graduate
3730,3730,Graduate
3731,3731,Graduate
3732,3732,Dropout
3733,3733,Graduate
3734,3734,Dropout
3735,3735,Dropout
3736,3736,Graduate
3737,3737,Enrolled
3738,3738,Enrolled
3739,3739,Graduate
3740,3740,Dropout
3741,3741,Dropout
3742,3742,Enrolled
3743,3743,Graduate
3744,3744,Enrolled
3745,3745,Dropout
3746,3746,Graduate
3747,3747,Graduate
3748,3748,Graduate
3749,3749,Dropout
3750,3750,Graduate
3751,3751,Graduate
3752,3752,Graduate
3753,3753,Graduate
3754,3754,Graduate
3755,3755,Dropout
3756,3756,Dropout
3757,3757,Graduate
3758,3758,Graduate
3759,3759,Enrolled
3760,3760,Dropout
3761,3761,Graduate
3762,3762,Dropout
3763,3763,Graduate
3764,3764,Graduate
3765,3765,Graduate
3766,3766,Graduate
3767,3767,Graduate
3768,3768,Dropout
3769,3769,Enrolled
3770,3770,Dropout
3771,3771,Dropout
3772,3772,Graduate
3773,3773,Graduate
3774,3774,Dropout
3775,3775,Graduate
3776,3776,Dropout
3777,3777,Graduate
3778,3778,Graduate
3779,3779,Enrolled
3780,3780,Enrolled
3781,3781,Graduate
3782,3782,Graduate
3783,3783,Graduate
3784,3784,Enrolled
3785,3785,Dropout
3786,3786,Enrolled
3787,3787,Dropout
3788,3788,Dropout
3789,3789,Enrolled
3790,3790,Dropout
3791,3791,Graduate
3792,3792,Dropout
3793,3793,Dropout
3794,3794,Dropout
3795,3795,Dropout
3796,3796,Graduate
3797,3797,Graduate
3798,3798,Dropout
3799,3799,Graduate
3800,3800,Dropout
3801,3801,Dropout
3802,3802,Graduate
3803,3803,Graduate
3804,3804,Graduate
3805,3805,Dropout
3806,3806,Dropout
3807,3807,Graduate
3808,3808,Graduate
3809,3809,Dropout
3810,3810,Dropout
3811,3811,Enrolled
3812,3812,Dropout
3813,3813,Graduate
3814,3814,Graduate
3815,3815,Graduate
3816,3816,Enrolled
3817,3817,Dropout
3818,3818,Graduate
3819,3819,Dropout
3820,3820,Dropout
3821,3821,Enrolled
3822,3822,Dropout
3823,3823,Graduate
3824,3824,Dropout
3825,3825,Enrolled
3826,3826,Dropout
3827,3827,Dropout
3828,3828,Graduate
3829,3829,Dropout
3830,3830,Dropout
3831,3831,Graduate
3832,3832,Enrolled
3833,3833,Enrolled
3834,3834,Dropout
3835,3835,Graduate
3836,3836,Dropout
3837,3837,Dropout
3838,3838,Dropout
3839,3839,Dropout
3840,3840,Dropout
3841,3841,Enrolled
3842,3842,Enrolled
3843,3843,Dropout
3844,3844,Dropout
3845,3845,Graduate
3846,3846,Dropout
3847,3847,Dropout
3848,3848,Dropout
3849,3849,Dropout
3850,3850,Graduate
3851,3851,Dropout
3852,3852,Dropout
3853,3853,Dropout
3854,3854,Dropout
3855,3855,Dropout
3856,3856,Graduate
3857,3857,Graduate
3858,3858,Graduate
3859,3859,Dropout
3860,3860,Dropout
3861,3861,Dropout
3862,3862,Dropout
3863,3863,Graduate
3864,3864,Graduate
3865,3865,Dropout
3866,3866,Dropout
3867,3867,Dropout
3868,3868,Graduate
3869,3869,Graduate
3870,3870,Dropout
3871,3871,Graduate
3872,3872,Graduate
3873,3873,Graduate
3874,3874,Dropout
3875,3875,Dropout
3876,3876,Dropout
3877,3877,Dropout
3878,3878,Graduate
3879,3879,Graduate
3880,3880,Graduate
3881,3881,Graduate
3882,3882,Graduate
3883,3883,Dropout
3884,3884,Graduate
3885,3885,Graduate
3886,3886,Graduate
3887,3887,Enrolled
3888,3888,Enrolled
3889,3889,Graduate
3890,3890,Graduate
3891,3891,Enrolled
3892,3892,Enrolled
3893,3893,Graduate
3894,3894,Dropout
3895,3895,Enrolled
3896,3896,Graduate
3897,3897,Enrolled
3898,3898,Graduate
3899,3899,Graduate
3900,3900,Enrolled
3901,3901,Graduate
3902,3902,Enrolled
3903,3903,Enrolled
3904,3904,Dropout
3905,3905,Dropout
3906,3906,Graduate
3907,3907,Graduate
3908,3908,Enrolled
3909,3909,Graduate
3910,3910,Dropout
3911,3911,Enrolled
3912,3912,Graduate
3913,3913,Graduate
3914,3914,Graduate
3915,3915,Dropout
3916,3916,Graduate
3917,3917,Graduate
3918,3918,Graduate
3919,3919,Enrolled
3920,3920,Graduate
3921,3921,Graduate
3922,3922,Graduate
3923,3923,Graduate
3924,3924,Graduate
3925,3925,Enrolled
3926,3926,Enrolled
3927,3927,Graduate
3928,3928,Dropout
3929,3929,Graduate
3930,3930,Enrolled
3931,3931,Graduate
3932,3932,Graduate
3933,3933,Graduate
3934,3934,Enrolled
3935,3935,Dropout
3936,3936,Enrolled
3937,3937,Dropout
3938,3938,Enrolled
3939,3939,Graduate
3940,3940,Graduate
3941,3941,Enrolled
3942,3942,Dropout
3943,3943,Graduate
3944,3944,Dropout
3945,3945,Dropout
3946,3946,Graduate
3947,3947,Graduate
3948,3948,Dropout
3949,3949,Graduate
3950,3950,Graduate
3951,3951,Dropout
3952,3952,Dropout
3953,3953,Graduate
3954,3954,Graduate
3955,3955,Dropout
3956,3956,Dropout
3957,3957,Graduate
3958,3958,Graduate
3959,3959,Graduate
3960,3960,Graduate
3961,3961,Dropout
3962,3962,Graduate
3963,3963,Graduate
3964,3964,Graduate
3965,3965,Dropout
3966,3966,Graduate
3967,3967,Dropout
3968,3968,Enrolled
3969,3969,Graduate
3970,3970,Graduate
3971,3971,Graduate
3972,3972,Graduate
3973,3973,Graduate
3974,3974,Graduate
3975,3975,Graduate
3976,3976,Graduate
3977,3977,Graduate
3978,3978,Graduate
3979,3979,Graduate
3980,3980,Enrolled
3981,3981,Graduate
3982,3982,Graduate
3983,3983,Graduate
3984,3984,Graduate
3985,3985,Dropout
3986,3986,Graduate
3987,3987,Graduate
3988,3988,Graduate
3989,3989,Graduate
3990,3990,Graduate
3991,3991,Graduate
3992,3992,Dropout
3993,3993,Graduate
3994,3994,Graduate
3995,3995,Graduate
3996,3996,Dropout
3997,3997,Dropout
3998,3998,Graduate
3999,3999,Dropout
4000,4000,Dropout
4001,4001,Dropout
4002,4002,Dropout
4003,4003,Graduate
4004,4004,Graduate
4005,4005,Graduate
4006,4006,Dropout
4007,4007,Graduate
4008,4008,Dropout
4009,4009,Dropout
4010,4010,Dropout
4011,4011,Dropout
4012,4012,Enrolled
4013,4013,Dropout
4014,4014,Graduate
4015,4015,Graduate
4016,4016,Dropout
4017,4017,Dropout
4018,4018,Dropout
4019,4019,Graduate
4020,4020,Graduate
4021,4021,Dropout
4022,4022,Graduate
4023,4023,Graduate
4024,4024,Dropout
4025,4025,Enrolled
4026,4026,Enrolled
4027,4027,Graduate
4028,4028,Dropout
4029,4029,Graduate
4030,4030,Dropout
4031,4031,Graduate
4032,4032,Enrolled
4033,4033,Graduate
4034,4034,Dropout
4035,4035,Dropout
4036,4036,Dropout
4037,4037,Graduate
4038,4038,Enrolled
4039,4039,Graduate
4040,4040,Graduate
4041,4041,Graduate
4042,4042,Graduate
4043,4043,Graduate
4044,4044,Enrolled
4045,4045,Graduate
4046,4046,Dropout
4047,4047,Graduate
4048,4048,Graduate
4049,4049,Graduate
4050,4050,Graduate
4051,4051,Dropout
4052,4052,Graduate
4053,4053,Dropout
4054,4054,Enrolled
4055,4055,Graduate
4056,4056,Dropout
4057,4057,Graduate
4058,4058,Enrolled
4059,4059,Graduate
4060,4060,Dropout
4061,4061,Graduate
4062,4062,Graduate
4063,4063,Graduate
4064,4064,Graduate
4065,4065,Enrolled
4066,4066,Enrolled
4067,4067,Graduate
4068,4068,Dropout
4069,4069,Graduate
4070,4070,Graduate
4071,4071,Graduate
4072,4072,Dropout
4073,4073,Enrolled
4074,4074,Graduate
4075,4075,Graduate
4076,4076,Dropout
4077,4077,Graduate
4078,4078,Dropout
4079,4079,Graduate
4080,4080,Enrolled
4081,4081,Dropout
4082,4082,Enrolled
4083,4083,Enrolled
4084,4084,Graduate
4085,4085,Dropout
4086,4086,Dropout
4087,4087,Graduate
4088,4088,Enrolled
4089,4089,Enrolled
4090,4090,Dropout
4091,4091,Graduate
4092,4092,Dropout
4093,4093,Dropout
4094,4094,Graduate
4095,4095,Graduate
4096,4096,Graduate
4097,4097,Graduate
4098,4098,Graduate
4099,4099,Dropout
4100,4100,Dropout
4101,4101,Enrolled
4102,4102,Graduate
4103,4103,Graduate
4104,4104,Enrolled
4105,4105,Graduate
4106,4106,Graduate
4107,4107,Graduate
4108,4108,Dropout
4109,4109,Graduate
4110,4110,Graduate
4111,4111,Graduate
4112,4112,Graduate
4113,4113,Graduate
4114,4114,Dropout
4115,4115,Graduate
4116,4116,Enrolled
4117,4117,Enrolled
4118,4118,Graduate
4119,4119,Graduate
4120,4120,Graduate
4121,4121,Graduate
4122,4122,Graduate
4123,4123,Graduate
4124,4124,Graduate
4125,4125,Enrolled
4126,4126,Enrolled
4127,4127,Enrolled
4128,4128,Graduate
4129,4129,Graduate
4130,4130,Graduate
4131,4131,Graduate
4132,4132,Graduate
4133,4133,Enrolled
4134,4134,Enrolled
4135,4135,Graduate
4136,4136,Graduate
4137,4137,Graduate
4138,4138,Graduate
4139,4139,Dropout
4140,4140,Graduate
4141,4141,Dropout
4142,4142,Dropout
4143,4143,Graduate
4144,4144,Enrolled
4145,4145,Enrolled
4146,4146,Dropout
4147,4147,Dropout
4148,4148,Enrolled
4149,4149,Enrolled
4150,4150,Graduate
4151,4151,Graduate
4152,4152,Graduate
4153,4153,Graduate
4154,4154,Enrolled
4155,4155,Dropout
4156,4156,Graduate
4157,4157,Enrolled
4158,4158,Dropout
4159,4159,Graduate
4160,4160,Graduate
4161,4161,Graduate
4162,4162,Enrolled
4163,4163,Dropout
4164,4164,Graduate
4165,4165,Dropout
4166,4166,Graduate
4167,4167,Enrolled
4168,4168,Graduate
4169,4169,Graduate
4170,4170,Dropout
4171,4171,Enrolled
4172,4172,Enrolled
4173,4173,Enrolled
4174,4174,Graduate
4175,4175,Graduate
4176,4176,Graduate
4177,4177,Graduate
4178,4178,Enrolled
4179,4179,Graduate
4180,4180,Graduate
4181,4181,Enrolled
4182,4182,Dropout
4183,4183,Dropout
4184,4184,Graduate
4185,4185,Graduate
4186,4186,Enrolled
4187,4187,Enrolled
4188,4188,Graduate
4189,4189,Graduate
4190,4190,Graduate
4191,4191,Dropout
4192,4192,Enrolled
4193,4193,Enrolled
4194,4194,Graduate
4195,4195,Dropout
4196,4196,Graduate
4197,4197,Graduate
4198,4198,Graduate
4199,4199,Enrolled
4200,4200,Graduate
4201,4201,Graduate
4202,4202,Graduate
4203,4203,Enrolled
4204,4204,Graduate
4205,4205,Dropout
4206,4206,Graduate
4207,4207,Graduate
4208,4208,Graduate
4209,4209,Dropout
4210,4210,Graduate
4211,4211,Graduate
4212,4212,Graduate
4213,4213,Graduate
4214,4214,Graduate
4215,4215,Graduate
4216,4216,Dropout
4217,4217,Dropout
4218,4218,Graduate
4219,4219,Enrolled
4220,4220,Graduate
4221,4221,Dropout
4222,4222,Graduate
4223,4223,Graduate
4224,4224,Graduate
4225,4225,Graduate
4226,4226,Graduate
4227,4227,Dropout
4228,4228,Graduate
4229,4229,Enrolled
4230,4230,Dropout
4231,4231,Graduate
4232,4232,Enrolled
4233,4233,Dropout
4234,4234,Graduate
4235,4235,Enrolled
4236,4236,Enrolled
4237,4237,Graduate
4238,4238,Enrolled
4239,4239,Dropout
4240,4240,Graduate
4241,4241,Graduate
4242,4242,Dropout
4243,4243,Dropout
4244,4244,Enrolled
4245,4245,Dropout
4246,4246,Dropout
4247,4247,Dropout
4248,4248,Graduate
4249,4249,Dropout
4250,4250,Graduate
4251,4251,Dropout
4252,4252,Dropout
4253,4253,Graduate
4254,4254,Dropout
4255,4255,Dropout
4256,4256,Dropout
4257,4257,Graduate
4258,4258,Enrolled
4259,4259,Graduate
4260,4260,Dropout
4261,4261,Dropout
4262,4262,Dropout
4263,4263,Graduate
4264,4264,Dropout
4265,4265,Graduate
4266,4266,Graduate
4267,4267,Enrolled
4268,4268,Graduate
4269,4269,Dropout
4270,4270,Enrolled
4271,4271,Graduate
4272,4272,Dropout
4273,4273,Graduate
4274,4274,Enrolled
4275,4275,Enrolled
4276,4276,Enrolled
4277,4277,Dropout
4278,4278,Dropout
4279,4279,Graduate
4280,4280,Dropout
4281,4281,Dropout
4282,4282,Enrolled
4283,4283,Dropout
4284,4284,Dropout
4285,4285,Enrolled
4286,4286,Enrolled
4287,4287,Graduate
4288,4288,Graduate
4289,4289,Dropout
4290,4290,Graduate
4291,4291,Graduate
4292,4292,Graduate
4293,4293,Graduate
4294,4294,Dropout
4295,4295,Graduate
4296,4296,Enrolled
4297,4297,Graduate
4298,4298,Graduate
4299,4299,Dropout
4300,4300,Dropout
4301,4301,Graduate
4302,4302,Dropout
4303,4303,Dropout
4304,4304,Dropout
4305,4305,Dropout
4306,4306,Dropout
4307,4307,Dropout
4308,4308,Dropout
4309,4309,Dropout
4310,4310,Graduate
4311,4311,Graduate
4312,4312,Enrolled
4313,4313,Dropout
4314,4314,Graduate
4315,4315,Dropout
4316,4316,Dropout
4317,4317,Graduate
4318,4318,Graduate
4319,4319,Graduate
4320,4320,Graduate
4321,4321,Enrolled
4322,4322,Enrolled
4323,4323,Dropout
4324,4324,Dropout
4325,4325,Graduate
4326,4326,Graduate
4327,4327,Dropout
4328,4328,Dropout
4329,4329,Dropout
4330,4330,Graduate
4331,4331,Dropout
4332,4332,Dropout
4333,4333,Graduate
4334,4334,Dropout
4335,4335,Graduate
4336,4336,Enrolled
4337,4337,Enrolled
4338,4338,Graduate
4339,4339,Enrolled
4340,4340,Graduate
4341,4341,Graduate
4342,4342,Graduate
4343,4343,Dropout
4344,4344,Enrolled
4345,4345,Dropout
4346,4346,Graduate
4347,4347,Dropout
4348,4348,Dropout
4349,4349,Graduate
4350,4350,Graduate
4351,4351,Graduate
4352,4352,Graduate
4353,4353,Dropout
4354,4354,Graduate
4355,4355,Enrolled
4356,4356,Graduate
4357,4357,Dropout
4358,4358,Dropout
4359,4359,Dropout
4360,4360,Graduate
4361,4361,Graduate
4362,4362,Graduate
4363,4363,Graduate
4364,4364,Dropout
4365,4365,Enrolled
4366,4366,Graduate
4367,4367,Graduate
4368,4368,Graduate
4369,4369,Dropout
4370,4370,Enrolled
4371,4371,Graduate
4372,4372,Graduate
4373,4373,Dropout
4374,4374,Enrolled
4375,4375,Graduate
4376,4376,Dropout
4377,4377,Graduate
4378,4378,Dropout
4379,4379,Graduate
4380,4380,Dropout
4381,4381,Dropout
4382,4382,Enrolled
4383,4383,Graduate
4384,4384,Graduate
4385,4385,Dropout
4386,4386,Dropout
4387,4387,Dropout
4388,4388,Dropout
4389,4389,Dropout
4390,4390,Graduate
4391,4391,Graduate
4392,4392,Enrolled
4393,4393,Enrolled
4394,4394,Graduate
4395,4395,Graduate
4396,4396,Dropout
4397,4397,Graduate
4398,4398,Enrolled
4399,4399,Graduate
4400,4400,Graduate
4401,4401,Dropout
4402,4402,Dropout
4403,4403,Enrolled
4404,4404,Graduate
4405,4405,Dropout
4406,4406,Graduate
4407,4407,Enrolled
4408,4408,Graduate
4409,4409,Dropout
4410,4410,Graduate
4411,4411,Graduate
4412,4412,Dropout
4413,4413,Enrolled
4414,4414,Enrolled
4415,4415,Graduate
4416,4416,Dropout
4417,4417,Graduate
4418,4418,Graduate
4419,4419,Graduate
4420,4420,Graduate
4421,4421,Dropout
4422,4422,Dropout
4423,4423,Graduate
4424,4424,Graduate
